rank,song,pattern
1,"애프터 라이크",N04
2,"애프터 라이크",H06
3,"애프터 라이크",E01
4,"누드",H06
5,"누드",N04
6,"테디베어",N04
7,"테디베어",H06
8,"베토벤 바이러스",H07
9,"베토벤 바이러스",N04
10,"테디베어",E02
11,"누드",E02
12,"아모르 파티",H06
13,"아모르 파티",N04
14,"터키 행진곡",H07
15,"진폐증 ft. Kagamine Len/GUMI",S19
16,"아모르 파티",E02
17,"진폐증 ft. Kagamine Len/GUMI",D22
18,"윈터",H07
19,"캐논 디",H07
20,"진폐증 ft. Kagamine Len/GUMI",S16
21,"애프터 라이크",S18
22,"애프터 라이크",S09
23,"설탕음모론",H06
24,"여래아",S01
25,"우편마차",H07
26,"애프터 라이크",S15
27,"유포리아닉",S16
28,"체이스 미",H05
29,"알테일",D23
30,"아모르 파티",S15
31,"굿 나이트",H06
32,"베토벤 바이러스",V12
33,"또다른 진심",H06
34,"바이올렛 퍼퓸",H06
35,"아모르 파티",D19
36,"추격",S22
37,"굿 나이트",V09
38,"윈터",N04
39,"테디베어",S17
40,"애프터 라이크",D20
41,"누드",S16
42,"애프터 라이크",D17
43,"테디베어",S09
44,"애프터 라이크",S13
45,"누드",S11
46,"어콰이어",D23
47,"테디베어",D18
48,"유포리아닉",D18
49,"어콰이어",S20
50,"테디베어",S14
51,"체이스 미",V09
52,"아모르 파티",S18
53,"터키 행진곡",N03
54,"체이스 미",N03
55,"아모르 파티",D23
56,"쇼다운",D22
57,"벡터",S18
58,"얼론",H05
59,"우편마차",N04
60,"유포리아닉",S19
61,"캐논 디",N03
62,"베르사이유",S16
63,"누드",D17
64,"배드 애플!! feat. Nomico",H05
65,"또다른 진심",N04
66,"슈퍼 카프리시오",H07
67,"보카",H05
68,"추격",S16
69,"누드",S06
70,"추격",D17
71,"아모르 파티",D16
72,"굿 나이트",N03
73,"얼론",N03
74,"아모르 파티",S21
75,"바이올렛 퍼퓸",V08
76,"애프터 라이크",D15
77,"어콰이어",D19
78,"애프터 라이크",S06
79,"보카",D19
80,"보카",V09
81,"벡터",D20
82,"설탕음모론",N03
83,"유포리아닉",D21
84,"베르사이유",S19
85,"누드",S14
86,"알테일",S21
87,"테디베어",D15
88,"보카",S17
89,"팔로우 미",H06
90,"베르사이유",S20
91,"에너지 시너지 매트릭스",S16
92,"베르사이유",D20
93,"알테일",D19
94,"닥터 엠",H06
95,"벡터",S14
96,"에너지 시너지 매트릭스",D22
97,"쇼다운",S20
98,"밀크",S20
99,"에너지 시너지 매트릭스",D19
100,"쥬핀",D25
101,"얼론",E01
102,"할시온",S18
103,"8 6",S20
104,"보카",N03
105,"보카",S19
106,"비행기",D18
107,"보카",S14
108,"에너지 시너지 매트릭스",S20
109,"슈퍼 판타지",H07
110,"어콰이어",S17
111,"소서리스 엘리제",H06
112,"밀크",S17
113,"밀크",D22
114,"슈퍼 카프리시오",N04
115,"굿텍",D24
116,"비행기",S17
117,"굿텍",D20
118,"스톰",D19
119,"밀크",D19
120,"비행기",H05
121,"베르사이유",D23
122,"테디베어",S06
123,"벡터",D15
124,"벡터",S22
125,"사라반드",H07
126,"할시온",D20
127,"아모르 파티",S06
128,"밀크",S15
129,"보카",S21
130,"에너지 시너지 매트릭스",S18
131,"진폐증 ft. Kagamine Len/GUMI",S12
132,"쥬핀",S17
133,"스톰",S17
134,"쇼다운",S17
135,"바이올렛 퍼퓸",N04
136,"어콰이어",D16
137,"쥬핀",S19
138,"굿텍",S16
139,"어콰이어",S15
140,"벡터",D24
141,"알테일",S18
142,"할시온",S12
143,"굿텍",S21
144,"또다른 진심",V08
145,"할시온",D24
146,"라스트 리버스",H05
147,"굿텍",S18
148,"할시온",S20
149,"스위트로닉",H05
150,"쇼다운",D18
151,"배드 애플!! feat. Nomico",N03
152,"쥬핀",D18
153,"터키 행진곡",V12
154,"보카",D15
155,"유포리아닉",S11
156,"굿텍",D16
157,"밀크",D16
158,"누드",D15
159,"코스믹 레일로드",D19
160,"쥬핀",D23
161,"설탕음모론",E01
162,"꺼림칙한",S19
163,"팔로우 미",V09
164,"붐!!",D22
165,"여래아",S13
166,"할시온",S22
167,"에너지 시너지 매트릭스",S11
168,"비행기",N03
169,"추격",D25
170,"소서리스 엘리제",N04
171,"보카",D23
172,"8 6",S16
173,"벡터",S08
174,"보카",S09
175,"꼭두각시",D21
176,"팔로우 미",N04
177,"보카",D21
178,"쥬핀",S23
179,"코스믹 레일로드",D22
180,"스위트로닉",N03
181,"스위트로닉",V08
182,"쥬핀",S12
183,"알테일",D16
184,"알테일",S15
185,"쇼다운",D16
186,"애프터 라이크",S04
187,"키티 캣",E01
188,"코스믹 레일로드",S15
189,"스톰",D16
190,"에너지 시너지 매트릭스",S07
191,"밀크",S11
192,"베르사이유",S10
193,"유포리아닉",D10
194,"밀크",S07
195,"코스믹 레일로드",S18
196,"스콜피온 킹",D23
197,"라스트 리버스",V09
198,"라스트 리버스",N03
199,"꼭두각시",S23
200,"쇼다운",S14
201,"슈샤",H05
202,"얼론",S17
203,"사라반드",N04
204,"스위트로닉",S15
205,"소서리스 엘리제",V08
206,"쥬핀",S21
207,"캐논 디",V11
208,"얼론",D18
209,"유포리아닉",S08
210,"슈샤",N03
211,"풀 문",S20
212,"비행기",D16
213,"굿텍",S12
214,"윈터",V12
215,"어콰이어",S11
216,"얼론",S15
217,"쥬핀",D14
218,"애프터 라이크",D07
219,"에너지 시너지 매트릭스",D13
220,"비행기",S15
221,"베르사이유",D12
222,"꼭두각시",S20
223,"꼭두각시",D23
224,"슬램",D24
225,"코스믹 레일로드",S21
226,"웨딩 크래셔",S10
227,"베토벤 바이러스",S07
228,"우편마차",V12
229,"스톰",H06
230,"슈퍼 판타지",N04
231,"붐!!",S20
232,"꼭두각시",S18
233,"키티 캣",N03
234,"스톰",S14
235,"슈퍼 판타지",S16
236,"닥터 엠",V09
237,"배드 애플!! feat. Nomico",E01
238,"사라반드",E02
239,"닥터 엠",N03
240,"얼론",S08
241,"모페모페",D17
242,"추격",D13
243,"테디베어",D07
244,"꼭두각시",D25
245,"가고일 - FULL SONG -",S21
246,"베르사이유",S07
247,"굿텍",S08
248,"굿바운스",D21
249,"굿 나이트",S20
250,"또다른 진심",S06
251,"어콰이어",S07
252,"굿바운스",S20
253,"배드 애플!! feat. Nomico",S09
254,"얼론",D16
255,"락 더 하우스",D22
256,"트위스트 오브 페이트 (feat. Ruriling)",S19
257,"얼티메이텀",S21
258,"누드",S04
259,"키티 캣",H05
260,"레이디버그",E01
261,"애프터 라이크",C
262,"알레그로 퓨리오소",D20
263,"테디베어",S04
264,"디그니티",S21
265,"슈퍼 판타지",V10
266,"할시온",D12
267,"얼티메이텀",S17
268,"슈퍼 카프리시오",V12
269,"비행기",E01
270,"레미니센스",H06
271,"추격",S11
272,"체이스 미",S20
273,"누드",D08
274,"스톰",N04
275,"미운 오리새끼",S17
276,"시간의 회랑 라비린스",S20
277,"가고일",D20
278,"굿바운스",S16
279,"붐!!",D18
280,"풀 문",D20
281,"어콰이어",D12
282,"8 6",D21
283,"굿 나이트",S09
284,"뷰티플라이어",D18
285,"누드",C
286,"코스믹 레일로드",S10
287,"레이디버그",H05
288,"쇼다운",S10
289,"뷰티플라이어",N04
290,"꺼림칙한",D20
291,"애프터 라이크",S01
292,"비행기",S13
293,"트로피카닉",S16
294,"뷰티플라이어",H06
295,"버터플라이",D17
296,"슈샤",V10
297,"우츠시요 노 카제 feat. Kana",D20
298,"뷰티플라이어",S17
299,"왓 해픈드",D20
300,"꼭두각시",S25
301,"유 앤 아이",S21
302,"진공",S19
303,"매드 사이언스",S20
304,"굿바운스",D18
305,"코스믹 레일로드",D13
306,"조깅",S09
307,"트로피카닉",S19
308,"붐!!",S17
309,"레이디버그",N03
310,"터키 행진곡",S12
311,"모페모페",S15
312,"아이스 오브 데스",S20
313,"모페모페",S11
314,"테디베어",C
315,"스콜피온 킹",S15
316,"팝 더 트랙",H07
317,"바이올렛 퍼퓸",S13
318,"락 더 하우스 - SHORT CUT -",S18
319,"에브리바디 갓 투 노우",S21
320,"조깅",S16
321,"디 엔드 오브 더 월드 ft. Skizzo",S20
322,"글로리아",S20
323,"쇼다운",S06
324,"체이스 미",S09
325,"미스터 라푸스",S20
326,"레미니센스",V10
327,"또다른 진심",D21
328,"듀얼 레이싱 <레드 vs 블루>",S20
329,"체이스 미",S15
330,"레미니센스",N03
331,"굿텍",D12
332,"디멘트 ~에프터 레전드~",D20
333,"유 앤 아이",S07
334,"보카",S05
335,"아르카나 포스",S20
336,"배니쉬",S20
337,"날아올라",S20
338,"유포리아닉",S05
339,"펌트리스 꽈뜨로",S18
340,"슈브 니구라스",D18
341,"터키 행진곡",S07
342,"베토벤 바이러스",S12
343,"붐!!",D16
344,"슬램",S18
345,"트로피카닉",D18
346,"8 6 - FULL SONG -",S21
347,"필 마이 해피니스",D21
348,"펌프 미 아마데우스",D24
349,"파파시토 (feat.  KuTiNA)",S20
350,"트로피카닉",D21
351,"밀크",D11
352,"BS파워 익스플로전",D20
353,"웨딩 크래셔",S06
354,"쇼다운",D11
355,"어 사이트 데 라 루",S19
356,"누드",S02
357,"크로스 소울",S20
358,"얼티메이텀",S23
359,"윈드밀",D23
360,"미운 오리새끼",D18
361,"팝 더 트랙",E02
362,"붐!!",S15
363,"헬파이어",S15
364,"브레인 파워",D24
365,"스톰",E02
366,"슈퍼 판타지",D18
367,"유 앤 아이",S14
368,"8 6",D18
369,"패러독스 - SHORT CUT -",S21
370,"팝 더 트랙",N04
371,"왓 해픈드",D23
372,"엑시던트",D20
373,"크로싱 델타",S20
374,"잣",S20
375,"배드 애플!! feat. Nomico",S13
376,"디그니티",D24
377,"유 앤 아이",D20
378,"클레마티스 랩소디아",S22
379,"엑스트라바간자",S11
380,"뷰티플라이어",E02
381,"알테일",S12
382,"테일즈 오브 펌프니아",S20
383,"미스 에스 스토리",S19
384,"날아올라",S09
385,"메테오 사이언스 (GADGET mix)",D22
386,"클리너",D20
387,"시간의 회랑 라비린스",D22
388,"크로스 레이 (feat. 月下Lia)",S19
389,"아모르 파티",S04
390,"베토벤 바이러스",S06
391,"이그니스 패터스(DM Ashura 믹스)",S22
392,"뷰티플라이어",D16
393,"배드 애플!! feat. Nomico",S15
394,"임프린팅",D24
395,"날아올라",D21
396,"유령의 축제 2 (Sneak)",S20
397,"8 6",S12
398,"패러독스 - SHORT CUT -",D26
399,"Re：엔드 오브 어 드림",S19
400,"이스케이프",D22
401,"러브 이즈 어 데인저 존(Cranky 믹스)",S20
402,"뷰티플라이어",S15
403,"클레마티스 랩소디아",D19
404,"파괴",S19
405,"아클루오이아스",S24
406,"아이스 오브 데스",D20
407,"캐논 디",S20
408,"어콰이어",C
409,"건 락",S20
410,"탄탄멘",S20
411,"크로스 레이 (feat. 月下Lia)",D20
412,"8 6 - FULL SONG -",D23
413,"베토벤 바이러스",D24
414,"하드코어 오브 더 노스",S22
415,"슬램",S20
416,"배드 애플!! feat. Nomico",S05
417,"사라반드",D21
418,"시그너스",D21
419,"베토벤 바이러스",S16
420,"컴 투 미",S17
421,"시간의 회랑 라비린스",S23
422,"바이올렛 퍼퓸",S08
423,"인디스트럭터블",D22
424,"미스터 라푸스",S15
425,"유 갓 미 락킹",S17
426,"테디베어",S02
427,"팔랑크스 "RS2018 edit"",S22
428,"풀 문",S22
429,"풀 문",S16
430,"베토벤 바이러스",S21
431,"또다른 진심",D19
432,"풀 문",D14
433,"파이널 오디션 에피소드 2-X - SHORT CUT -",S20
434,"로키",S16
435,"사라반드",S16
436,"팔랑크스 "RS2018 edit"",D21
437,"얼티메이텀",S25
438,"웨딩 크래셔",S16
439,"캐논 X.1",S20
440,"설탕음모론",D20
441,"네이팜",S19
442,"포인트 제로 원",D22
443,"유 앤 아이",D24
444,"네이티브",S20
445,"파반느",S17
446,"스타드림 (feat. Romelon)",D22
447,"라젠스키 캉캉",D18
448,"페이브 가든",D21
449,"사라반드",S12
450,"글로리아",D21
451,"러브 이즈 어 데인저 존 pt.2",D24
452,"스톰",S09
453,"페이브 가든",S22
454,"로키",S20
455,"테프리스",D20
456,"리펜턴스",S19
457,"러브 이즈 어 데인저 존 pt.2",S22
458,"스타드림 (feat. Romelon)",D19
459,"굿 나이트",S17
460,"배니쉬",D22
461,"파이어 오브 데스티니",D22
462,"실루엣 이펙트",D20
463,"글로리아",S14
464,"더 레버리",S21
465,"라 그랑 블루",S20
466,"풀 문",D24
467,"텔링 포츈 플라워",D20
468,"BS파워 익스플로전",S19
469,"팔랑크스 "RS2018 edit"",D24
470,"돌리 키스",D21
471,"스타 커맨드",D23
472,"인피니티",S21
473,"조깅",D16
474,"아마겟돈",S19
475,"브레인 파워",S11
476,"제로아이즈",S24
477,"리펜턴스",D20
478,"가장신자 - SHORT CUT -",S20
479,"팝 시퀀스",D23
480,"꺼림칙한",S15
481,"글로리아",D25
482,"크로스 오버 feat. LyuU",S22
483,"파이널 오디션 에피소드 2-X",D24
484,"시간의 회랑 라비린스",D26
485,"요그 소토스",S23
486,"로키",D20
487,"브레인 파워",D20
488,"아르카나 포스",D20
489,"비행기",S05
490,"니알라토텝 - SHORT CUT -",S22
491,"어 사이트 데 라 루",S09
492,"아마겟돈",S22
493,"하늘다람쥐",S25
494,"1950",S20
495,"헤드리스 치킨",S21
496,"풀 문",S06
497,"유어 마인드",D23
498,"프렌드",S19
499,"유 앤 아이",S17
500,"러브 이즈 어 데인저 존",D21
501,"이스케이프",S21
502,"오버블로우",S20
503,"날아올라",D19
504,"HTTP",D24
505,"데사파레세르",S20
506,"오버 더 호라이즌",S20
507,"디멘트 ~에프터 레전드~",S21
508,"고딕 레조넌스",S18
509,"아클루오이아스",S22
510,"로그인",S20
511,"무혼 2",S18
512,"테일즈 오브 펌프니아",D21
513,"배니쉬",S12
514,"킵 온!",D20
515,"가고일 - FULL SONG -",D22
516,"키메라",S23
517,"아마겟돈",D21
518,"트란사칼리아",D20
519,"트위스트 오브 페이트 (feat. Ruriling)",D21
520,"아이 원트 유",S20
521,"크로스 오버 feat. LyuU",D15
522,"디그니티",D20
523,"조깅",D22
524,"파이어 오브 데스티니",S20
525,"태동",S20
526,"더 레버리",D22
527,"크로스 레이 (feat. 月下Lia)",S21
528,"배드 애플!! feat. Nomico",D20
529,"탑 시티",S20
530,"비트 더 고스트",S20
531,"디멘트 ~에프터 레전드~",S18
532,"야누스",S20
533,"우라늄",D20
534,"아이올라이트 스카이",S20
535,"꼭두각시",D27
536,"이그니스 패터스(DM Ashura 믹스)",D25
537,"탑 시티",D21
538,"슬램",D22
539,"유 갓 투 노우",S20
540,"슈퍼 판타지",S14
541,"브레인 파워",S16
542,"BS파워 익스플로전",S21
543,"다람쥐 헌 쳇바퀴에 타고파",D22
544,"라이프 이즈 피아노",D21
545,"베토벤 바이러스",D18
546,"스위트로닉",D16
547,"캐논 디",S11
548,"굿 나이트",S23
549,"앵귀시드 언메이킹",D22
550,"굿 나이트",D22
551,"글로리아",D16
552,"어 사이트 데 라 루",S16
553,"금혼식",D20
554,"크로스 레이 (feat. 月下Lia)",S16
555,"퍼센트 엑스",S20
556,"라젠스키 캉캉",S20
557,"파사칼리아",D22
558,"진공",S23
559,"슈퍼 스타일린",D21
560,"이스케이프",S24
561,"꺼림칙한",D16
562,"크로스 타임",D22
563,"스위트로닉",S17
564,"타이밍",S07
565,"암피트리온",D21
566,"어 사이트 데 라 루",S11
567,"체이스 미",S17
568,"페이브 가든",D24
569,"트란사칼리아",S19
570,"어나이얼레이터 메소드",D20
571,"킵 온!",D17
572,"모페모페",S21
573,"라이크 미",D20
574,"브레인 파워",D14
575,"타임 어택 <블루>",D20
576,"리펜턴스",D17
577,"알레그로 퓨리오소",S20
578,"얼론",S05
579,"어 사이트 데 라 루",D24
580,"포가튼 뱀파이어",D20
581,"라이프 이즈 피아노",S19
582,"트리튬",S20
583,"캉-캉 ~Orpheus in The Party Mix~",S08
584,"얼티메이텀",D25
585,"타이밍",D19
586,"브로큰 카르마 (PIU EDIT)",S19
587,"레퀴엠",D23
588,"위키드 레전드",S20
589,"디그니티",S22
590,"김치 핑거즈",S20
591,"사라반드",S07
592,"프렌드",D21
593,"치킨 윙",S20
594,"킵 온!",S21
595,"팔랑크스 "RS2018 edit"",D18
596,"뷰티플라이어",S13
597,"엑스트리",S20
598,"바이올렛 퍼퓸",S17
599,"가고일",S22
600,"비행기",D08
601,"파괴",S21
602,"브레인 파워",S19
603,"조나단의 꿈",D19
604,"윈터",S07
605,"또다른 진심",S08
606,"요그 소토스",S21
607,"스타드림 (feat. Romelon)",D16
608,"싸이클링!",D20
609,"1950",S25
610,"크로스 타임",D20
611,"크로스 오버 feat. LyuU",D23
612,"사라반드",S20
613,"스타더스트 오버드라이브",D23
614,"시그너스",S19
615,"라스트 리버스",S13
616,"베들램",S22
617,"파이널 오디션 에피소드 2-X",S23
618,"립톤 스트라이크",D21
619,"바로크 바이러스",D20
620,"에러코드: 0",S25
621,"라젠스키 캉캉",S16
622,"리펜턴스",D26
623,"얼론",D06
624,"진공",S21
625,"모페모페",D19
626,"캉-캉 ~Orpheus in The Party Mix~ - SHORT CUT -",D25
627,"글로리아",S23
628,"크로스 오버 feat. LyuU",S11
629,"크로스 소울",S22
630,"데사파레세르",S18
631,"조깅",S05
632,"레미니센스",D20
633,"스타드림 (feat. Romelon)",S21
634,"스켑틱",S24
635,"천년이 지나서",D20
636,"패러독스 - SHORT CUT -",S24
637,"라스트 리버스",S09
638,"레드라인",D22
639,"어 사이트 데 라 루",D14
640,"엑스트라바간자 - SHORT CUT -",D23
641,"비",D20
642,"붐!!",D12
643,"디멘트 ~에프터 레전드~",D26
644,"HTTP",S21
645,"디멘트 ~에프터 레전드~",S23
646,"조깅",D18
647,"디제이 오타다",D20
648,"BS파워 익스플로전",S16
649,"브레인 파워",S08
650,"라스트 리버스",S16
651,"패러독스",S21
652,"브레인 파워",S22
653,"니알라토텝",S13
654,"네메시스",D20
655,"탄탄멘",D24
656,"캐논 디",S07
657,"크로스 오버 feat. LyuU",S15
658,"굿 나이트",S06
659,"롤링 크리스마스",D22
660,"바로크 바이러스 - FULL SONG -",D23
661,"팬텀",D19
662,"모페모페",S17
663,"윈터",S20
664,"1949",S16
665,"인디스트럭터블",S22
666,"또다른 진심",S16
667,"러브 이즈 어 데인저 존(Cranky 믹스)",D23
668,"키메라",D26
669,"Re：엔드 오브 어 드림",D22
670,"글로리아",S10
671,"디멘트 ~에프터 레전드~",S15
672,"유령의 축제 2 (Sneak)",D20
673,"클루",D20
674,"파파시토 (feat.  KuTiNA)",S13
675,"힙노시스(SynthWulf 믹스)",S20
676,"유 앤 아이",D17
677,"파괴",D19
678,"스트리트 쇼다운",S16
679,"VVV ",S23
680,"아모르 파티",S02
681,"유포리아닉",S03
682,"헤스티아",D21
683,"디스트릭트 1",D21
684,"체이스 미",D23
685,"어 사이트 데 라 루",D19
686,"아드레날린 블래스터",D23
687,"기타 맨",S20
688,"유 앤 아이",D14
689,"셀피쉬니스",D20
690,"디그니티",S15
691,"블레이징",S20
692,"파파시토 (feat.  KuTiNA)",C
693,"조깅",S18
694,"왓 해픈드",S21
695,"헤드리스 치킨",D21
696,"무혼 2",D21
697,"테일즈 오브 펌프니아",S17
698,"웨딩 크래셔",D19
699,"굿바운스",D13
700,"트로피카닉",D13
701,"퍼더",S24
702,"Re：엔드 오브 어 드림",S15
703,"글로리아",S17
704,"날아올라",S15
705,"포인트 제로 원",S20
706,"스타드림 (feat. Romelon)",S15
707,"스위트로닉",D18
708,"알레그로 콘 뿌오코",S22
709,"미스터 라푸스",S22
710,"러브 이즈 어 데인저 존",S17
711,"인디스트럭터블",D25
712,"트로피카닉",S11
713,"트래블 투 퓨처",D21
714,"Re：엔드 오브 어 드림",D18
715,"파이널 오디션",S19
716,"비메라 - SHORT CUT -",S22
717,"아드레날린 블래스터",D19
718,"굿바운스",S12
719,"파괴",D23
720,"텔링 포츈 플라워",D23
721,"멘탈 라이더",D22
722,"바이올렛 퍼퓸",D14
723,"트리튬",D21
724,"엑스트라바간자",S22
725,"도나텔로",S22
726,"아발란치",S22
727,"진공 청소기",S25
728,"이그니스 패터스(DM Ashura 믹스) - SHORT CUT -",S21
729,"설탕음모론",S14
730,"보카",S03
731,"야근",S20
732,"틸 디 엔드 오브 타임",D16
733,"리더",D26
734,"어나이얼레이터 메소드",D24
735,"히아신스",S22
736,"베토벤 바이러스",S04
737,"러브 이즈 어 데인저 존 - SHORT CUT -",S20
738,"유어 마인드",S21
739,"스위트로닉",S11
740,"패러독스",S26
741,"추격",S07
742,"립톤 스트라이크",S19
743,"멘탈 라이더",D20
744,"Re：엔드 오브 어 드림",S12
745,"굿 나이트",D19
746,"레드 스노우",D22
747,"로키",S21
748,"슈브 니구라스",S19
749,"글로리아",D18
750,"프렌드",D25
751,"설탕음모론",D16
752,"탄탄멘",S14
753,"배니쉬",S17
754,"요그 소토스",D24
755,"겟 유어 그루브 온",D22
756,"시간의 회랑 라비린스",S17
757,"디 엔드 오브 더 월드 ft. Skizzo",D17
758,"슈브 니구라스",S21
759,"네크로맨시",S20
760,"라이징 스타",D19
761,"윈드밀",S13
762,"스위트로닉",D22
763,"까르멘 버스",D20
764,"헬파이어",S22
765,"펌프 미 아마데우스",S13
766,"스켑틱",S22
767,"더 레버리",S19
768,"하이 바이",D21
769,"파사칼리아",D23
770,"스타 커맨드",D22
771,"러브 이즈 어 데인저 존 2 Try To B.P.M",D23
772,"클리너 - SHORT CUT -",S21
773,"소서리스 엘리제",S21
774,"데스티네이션",S20
775,"스텝",D20
776,"윌 오 더 위스프",D25
777,"파파 곤잘레스",D24
778,"고딕 레조넌스",D21
779,"클루",D21
780,"시간의 회랑 라비린스",D18
781,"라스트 리버스",D17
782,"꺼림칙한",S11
783,"스켑틱",S19
784,"키메라",S13
785,"크로스 소울",D20
786,"비",S17
787,"풀 문 - FULL SONG -",S20
788,"테일즈 오브 펌프니아",D18
789,"BS파워 익스플로전",D23
790,"드림 투 나이트메어",D22
791,"알테일",S09
792,"에프 에프 에프",S22
793,"팔로우 미",S09
794,"웨딩 크래셔",D23
795,"캐논 디",D23
796,"비디오 아웃 씨",S22
797,"다람쥐 헌 쳇바퀴에 타고파",S23
798,"아마겟돈",D24
799,"루시드(PIU Edit)",D20
800,"헬파이어",D23
801,"8 6 - FULL SONG -",S15
802,"슈퍼 판타지",D22
803,"모페모페",S23
804,"다람쥐 헌 쳇바퀴에 타고파",S19
805,"슈브 니구라스",S12
806,"클리너",D26
807,"크로스 타임",S12
808,"저스트 홀드 온 (To All Fighters)",D22
809,"배니쉬",D18
810,"메테오 사이언스 (GADGET mix)",S21
811,"다람쥐 헌 쳇바퀴에 타고파",D16
812,"갓 모드 feat. Skizzo",S20
813,"우편마차",S07
814,"텔링 포츈 플라워",S21
815,"왈츠 오브 도지",D20
816,"리펜턴스",S22
817,"크로스 레이 (feat. 月下Lia)",S12
818,"크로싱 델타",D21
819,"1950",S23
820,"클리너",S23
821,"Re：엔드 오브 어 드림",S21
822,"아이 원트 유",D22
823,"붐!!",S10
824,"페이브 가든",S19
825,"라이프 이즈 피아노",S16
826,"날아올라",D16
827,"하트 래빗 코스터",S14
828,"이그니스 패터스(DM Ashura 믹스)",S19
829,"클리너",S21
830,"엘리제",D23
831,"1949",D22
832,"스위트로닉",S08
833,"싸이클링!",S19
834,"슈브 니구라스",S24
835,"미운 오리새끼",D17
836,"슈퍼 카프리시오",D23
837,"소서리스 엘리제",S23
838,"드림 투 나이트메어",S21
839,"포인트 제로 2",D20
840,"니힐리즘 - 어나더 버전 -",S21
841,"슈브 니구라스",D26
842,"요그 소토스",D18
843,"체이스 미",S05
844,"진공 청소기",S20
845,"러브 이즈 어 데인저 존(Cranky 믹스)",S21
846,"팝 시퀀스",S21
847,"러브 이즈 어 데인저 존(Cranky 믹스)",D20
848,"듀얼 레이싱 <레드 vs 블루>",D21
849,"임프린팅",S21
850,"가고일",D23
851,"네이팜",D22
852,"라 그랑 블루",D20
853,"클리너 - SHORT CUT -",D22
854,"클레마티스 랩소디아",D23
855,"설탕음모론",S10
856,"캉-캉 ~Orpheus in The Party Mix~",S19
857,"천년이 지나서",D23
858,"시그너스",S21
859,"캉-캉 ~Orpheus in The Party Mix~",D23
860,"웨딩 크래셔",D07
861,"미스터 라푸스",D22
862,"두 유 노우 댓-올드 스쿨",D20
863,"요그 소토스 - SHORT CUT -",S21
864,"부크",S16
865,"하우스플랜",D19
866,"파파시토 (feat.  KuTiNA)",S15
867,"파파 곤잘레스",S22
868,"라이크 미",S14
869,"배드 애플!! feat. Nomico",D18
870,"팔랑크스 "RS2018 edit"",S19
871,"건 락",D24
872,"인디스트럭터블",D20
873,"이스케이프",D26
874,"우츠시요 노 카제 feat. Kana",S20
875,"더 레버리",D18
876,"로그인",D19
877,"히아신스",D24
878,"크로싱 델타",S13
879,"엑스 레이브",D21
880,"라이프 이즈 피아노",D18
881,"프렌드",S21
882,"히페리온",D20
883,"캉-캉 ~Orpheus in The Party Mix~ - SHORT CUT -",D23
884,"날아올라",S05
885,"Re：엔드 오브 어 드림",S23
886,"레드 스완",D20
887,"엘리제",S21
888,"설탕음모론",S06
889,"크로스 오버 feat. LyuU",S18
890,"가장신자",D24
891,"탄탄멘",D20
892,"V3",D24
893,"우편마차",S08
894,"하드코어 오브 더 노스",D22
895,"날아올라",D10
896,"아이올라이트 스카이",D24
897,"어나이얼레이터 메소드",S23
898,"리얼리티",D15
899,"니알라토텝",D20
900,"비디오 아웃 씨",D23
901,"베들램",D20
902,"반야-P 기타 리믹스",S22
903,"레드 스노우",D21
904,"멘탈 라이더",D24
905,"사월 - SHORT CUT -",S22
906,"스톰",D08
907,"파파시토 (feat.  KuTiNA)",D21
908,"슈퍼 카프리시오",S12
909,"클럽 나이트",S22
910,"브레인 파워",S05
911,"슈브 니구라스 - SHORT CUT -",D23
912,"1949",D26
913,"웨딩 크래셔",D13
914,"비",D24
915,"오르비트 스테빌라이저",D21
916,"텔링 포츈 플라워",S19
917,"하트 래빗 코스터",S21
918,"타이밍",S15
919,"립톤 스트라이크",S21
920,"스타드림 (feat. Romelon)",S10
921,"배드 애플!! feat. Nomico",S17
922,"슈퍼 판타지",S20
923,"드림 투 나이트메어",D23
924,"어웨이크닝",D20
925,"위치 닥터 #1",D20
926,"캐논 디",D12
927,"웨딩 크래셔",S18
928,"윈드밀",S21
929,"유어 마인드",D18
930,"모노리스",S21
931,"네크로맨시",D23
932,"웨딩 크래셔",S21
933,"디그니티",D26
934,"가장신자 - SHORT CUT -",D21
935,"V3",D21
936,"니알라토텝",D17
937,"진공",D25
938,"웨딩 크래셔",S04
939,"블레이징",D21
940,"배드 애플!! feat. Nomico",S19
941,"치킨 윙",S09
942,"크로스 오버 feat. LyuU",D19
943,"크로스 타임",D17
944,"라 그랑 블루",S16
945,"캄파넬라",C
946,"키메라",D22
947,"위치 닥터",D23
948,"파파시토 (feat.  KuTiNA)",D16
949,"크로싱 델타",D23
950,"우라늄",S19
951,"엑스트라바간자",S08
952,"퍼더",S22
953,"뷰티플라이어",S06
954,"그녀는 피자를 좋아해",D23
955,"마왕",S09
956,"크로스 레이 (feat. 月下Lia)",D23
957,"아이올라이트 스카이",S22
958,"모페모페",D24
959,"비",D23
960,"겟 업",D23
961,"마리아",D21
962,"HTTP",D19
963,"위치 닥터 #1",D21
964,"더 레볼루션",D22
965,"위키드 레전드",S16
966,"스위트로닉",D10
967,"치킨 윙",D22
968,"슈퍼 판타지",S19
969,"크로스 소울",S17
970,"포가튼 뱀파이어",D17
971,"라스트 리버스",D14
972,"부크",S20
973,"임프린팅",D21
974,"클레마티스 랩소디아",S18
975,"팝 시퀀스",D19
976,"프라임",D21
977,"디멘트 ~에프터 레전드~",D24
978,"크로싱 델타",S10
979,"체이스 미",D18
980,"킵 온!",D21
981,"브레인 파워",C
982,"파파시토 (feat.  KuTiNA)",D19
983,"프라임 타임",D20
984,"크리스마스의 기억",S08
985,"라이징 스타",D17
986,"스켑틱",D25
987,"클레마티스 랩소디아",D16
988,"체이스 미",D11
989,"슈브 소토스",S25
990,"라이크 미",C
991,"아리랑",S22
992,"미토츠다이라",D19
993,"힙노시스(SynthWulf 믹스)",D19
994,"저스트 홀드 온 (To All Fighters)",D25
995,"스타드림 (feat. Romelon)",S18
996,"트로피카닉",S07
997,"스타더스트 오버드라이브",D19
998,"리더",S24
999,"슈퍼 판타지",S07
1000,"가장신자",S21
1001,"우라늄",S22
1002,"포세이돈",D16
1003,"치킨 윙 - SHORT CUT -",S20
1004,"아드레날린 블래스터",S21
1005,"1949",S23
1006,"사라반드",D18
1007,"월광",S18
1008,"하트 래빗 코스터",S17
1009,"슈퍼 카프리시오",D19
1010,"페이브 가든",S12
1011,"인디스트럭터블",D15
1012,"로봇 배틀",S22
1013,"하트 래빗 코스터",S10
1014,"1949",S21
1015,"바이올렛 퍼퓸",D18
1016,"슈브 니구라스",D23
1017,"스콜피온 킹",D16
1018,"윈터",S12
1019,"고딕 레조넌스",S21
1020,"니힐리즘 - 어나더 버전 -",D22
1021,"아클루오이아스",D26
1022,"아클루오이아스",D24
1023,"굿 나이트",D24
1024,"유 갓 투 노우",S19
1025,"사월",D21
1026,"건 락",S17
1027,"크로스 오버 feat. LyuU",S07
1028,"텔링 포츈 플라워",S23
1029,"블랙스완",D22
1030,"브로큰 카르마 (PIU EDIT)",D20
1031,"라 그랑드 루즈",S20
1032,"천년이 지나서",S19
1033,"하트 래빗 코스터",S23
1034,"니알라토텝",D25
1035,"클럽 나이트",S09
1036,"리무버블 디스코",D16
1037,"바이올렛 퍼퓸",S06
1038,"파괴",S16
1039,"사라반드",D24
1040,"미스터 라푸스",S13
1041,"디 엔드 오브 더 월드 ft. Skizzo",D22
1042,"부크",D21
1043,"시그너스",S17
1044,"아리랑",D22
1045,"크로스 소울",S08
1046,"프라임 타임",S15
1047,"에러코드: 0",S19
1048,"우편마차",S12
1049,"듀얼 레이싱 <레드 vs 블루>",D19
1050,"비트 오브 더 워",D24
1051,"디스트릭트 1",D17
1052,"스켑틱",D22
1053,"요그 소토스",D25
1054,"라이징 스타",S15
1055,"브로큰 카르마 (PIU EDIT)",D23
1056,"그녀는 피자를 좋아해",S21
1057,"임프린팅",S17
1058,"러브 이즈 어 데인저 존 pt.2 - SHORT CUT -",D23
1059,"프렌드",S23
1060,"엑스트라바간자",S13
1061,"이스케이프",S15
1062,"스콜피온 킹",D20
1063,"마타도르",S21
1064,"미션 파서블 -블로우 백-",D21
1065,"슬랩스틱 파르페",D21
1066,"슈브 니구라스",S16
1067,"돌리 키스",D16
1068,"라이프 이즈 피아노",S10
1069,"슈퍼 판타지",C
1070,"스타트 온 레드",D20
1071,"크로스 레이 (feat. 月下Lia)",D14
1072,"파이어 누들 챌린지",S23
1073,"에프 에프 에프",D22
1074,"BS파워 익스플로전",S12
1075,"크로스 소울",D24
1076,"하우스플랜",D16
1077,"사라반드",S19
1078,"잣",D23
1079,"까르멘 버스",D22
1080,"시그너스",D23
1081,"펌트리스 꽈뜨로",S20
1082,"레이지 오브 파이어",D17
1083,"히아신스",D20
1084,"포가튼 뱀파이어",S16
1085,"슈가 플럼",D20
1086,"Re：엔드 오브 어 드림",D25
1087,"타이밍",D16
1088,"위엑닥바",D24
1089,"립톤 스트라이크",D17
1090,"위치 닥터",S21
1091,"갓 모드 2.0 feat. Skizzo",D20
1092,"아발란치",D25
1093,"립톤 스트라이크",D23
1094,"브레이크 아웃",D20
1095,"갓 모드 feat. Skizzo",D17
1096,"사월",S14
1097,"포세이돈",S15
1098,"펌트리스 꽈뜨로",D20
1099,"무브 댓 바디!",S20
1100,"립톤 스트라이크",S16
1101,"마이 드림즈",D22
1102,"터키 행진곡",D21
1103,"리무버블 디스코",S15
1104,"추격",S04
1105,"진공",D21
1106,"이미지네이션",D21
1107,"파이널 오디션 에피소드 2-2",D23
1108,"에러코드: 0",S23
1109,"더 레버리",S17
1110,"디스트릭트 1",S19
1111,"캉-캉 ~Orpheus in The Party Mix~",S13
1112,"얼론",S01
1113,"니알라토텝",D23
1114,"시그너스",D18
1115,"베토벤 바이러스",D13
1116,"클리너",D25
1117,"아이올라이트 스카이",D21
1118,"포세이돈",S21
1119,"블랙 드래곤",S21
1120,"팔로우 미",S14
1121,"슈브 니구라스 - SHORT CUT -",S21
1122,"슬랩스틱 파르페",S10
1123,"히페리온 - SHORT CUT -",S20
1124,"모멘트 데이",D16
1125,"모멘트 데이",C
1126,"또다른 진심",D09
1127,"캉-캉 ~Orpheus in The Party Mix~",S21
1128,"니힐리즘 - 어나더 버전 -",D19
1129,"크로스 타임",S16
1130,"디그니티",D17
1131,"파이널 오디션 에피소드 2-X - SHORT CUT -",D20
1132,"폴른 엔젤",D20
1133,"가고일",D14
1134,"비메라",D26
1135,"아이올라이트 스카이",D18
1136,"트위스트 오브 페이트 (feat. Ruriling)",D17
1137,"슈퍼 카프리시오",S07
1138,"킵 온!",S15
1139,"슈퍼 판타지",S10
1140,"탄탄멘",S17
1141,"미스터 라푸스",D23
1142,"아이 원트 유",D18
1143,"데인저 & 데인저",D21
1144,"비메라 - SHORT CUT -",S21
1145,"버터플라이",S16
1146,"이스케이프",S18
1147,"가고일",S18
1148,"레드 스완",D22
1149,"스톰",S06
1150,"헝가리 무곡 V",D21
1151,"굿 나이트 - FULL SONG -",S18
1152,"우편마차",S15
1153,"파사칼리아",S19
1154,"힙노시스(SynthWulf 믹스)",D22
1155,"스마일 다이어리",S07
1156,"임프린팅",D16
1157,"요그 소토스",S09
1158,"슈가 플럼",S19
1159,"퍼더",D25
1160,"포인트 제로 2",D22
1161,"야누스",D22
1162,"시간의 회랑 라비린스",S15
1163,"포가튼 뱀파이어",S13
1164,"미스터 라푸스",D16
1165,"프라임 타임",S21
1166,"퍼센트 엑스",D19
1167,"배드 애플!! feat. Nomico",D11
1168,"포인트 제로 원",D17
1169,"펌트리스 8비트 ver. - SHORT CUT -",D22
1170,"아발란치",D20
1171,"페이브 가든",S08
1172,"라스트 리버스",D08
1173,"굿바운스",C
1174,"가고일",S11
1175,"1950",D22
1176,"페이브 가든",D18
1177,"하트 어택",D21
1178,"아이스 오브 데스",S17
1179,"포세이돈 - SHORT CUT -",S21
1180,"팬텀 -인터메조-",S22
1181,"클럽 나이트",S19
1182,"캉-캉 ~Orpheus in The Party Mix~",D15
1183,"사월",D17
1184,"팔랑크스 "RS2018 edit"",S17
1185,"어웨이크닝",D17
1186,"위치 닥터 - SHORT CUT -",S20
1187,"헤드리스 치킨",S19
1188,"슈퍼 스타일린",D17
1189,"파파시토 (feat.  KuTiNA)",D14
1190,"시간의 회랑 라비린스",S09
1191,"1949",D28
1192,"윈드밀",S17
1193,"유 갓 미 락킹",D17
1194,"킵 온!",S18
1195,"하우스플랜",S15
1196,"암피트리온",S18
1197,"디제이 오타다",D22
1198,"금혼식",S19
1199,"시간의 회랑 라비린스",S13
1200,"여래아",D10
1201,"배니쉬",D10
1202,"니알라토텝",S21
1203,"러브 이즈 어 데인저 존",S19
1204,"트위스트 오브 페이트 (feat. Ruriling)",S16
1205,"다람쥐 헌 쳇바퀴에 타고파",D24
1206,"파이널 오디션 에피소드 2-2",S22
1207,"파파시토 (feat.  KuTiNA) - FULL SONG -",D20
1208,"카프리스 오브 오타다",D22
1209,"유 어게인 마이 러브",C
1210,"리더",D22
1211,"라 그랑드 루즈",D22
1212,"이스케이프",D19
1213,"니알라토텝",S23
1214,"스타드림 (feat. Romelon)",C
1215,"도나텔로",D22
1216,"설탕음모론",D07
1217,"컴 투 미",S13
1218,"키메라",S09
1219,"크로스 레이 (feat. 月下Lia)",S07
1220,"웨딩 크래셔 - SHORT CUT -",D20
1221,"이미지네이션",S12
1222,"셋 미 업",D17
1223,"슈가 플럼",S11
1224,"레드 스노우",S11
1225,"트래블 투 퓨처",D23
1226,"베토벤 바이러스",C
1227,"더 레버리",S15
1228,"제로아이즈",D22
1229,"파파시토 (feat.  KuTiNA)",S16
1230,"테이크 아웃",C
1231,"알레그로 콘 뿌오코 - FULL SONG -",S18
1232,"실루엣 이펙트 - SHORT CUT -",D17
1233,"위키드 레전드",D21
1234,"사라반드",D11
1235,"클리너",S17
1236,"리펜턴스",S16
1237,"데스티네이션 - SHORT CUT -",D20
1238,"알레그로 퓨리오소",D15
1239,"굿 나이트 - FULL SONG -",S24
1240,"페이브 가든",D14
1241,"팔로우 미",D10
1242,"위치 닥터",S19
1243,"슈샤",C
1244,"야근",D21
1245,"니알라토텝",S17
1246,"엘리제",S07
1247,"퍼더",D22
1248,"락 더 하우스 - SHORT CUT -",D20
1249,"월광",D21
1250,"배니쉬",D13
1251,"크리스마스의 기억",C
1252,"레이지 오브 파이어",D19
1253,"다람쥐 헌 쳇바퀴에 타고파",S16
1254,"파파시토 (feat.  KuTiNA)",S07
1255,"히글디 피글디",D20
1256,"인터퍼런스",D22
1257,"소서리스 엘리제",D24
1258,"페이브 가든",S16
1259,"베토벤 바이러스",D21
1260,"1950",S16
1261,"하트 래빗 코스터",D22
1262,"까랴위사따",S20
1263,"코스미컬 리듬",D19
1264,"제로아이즈",D25
1265,"리키지 볼티지",D23
1266,"굿바운스",S07
1267,"윈드밀",D18
1268,"슈퍼 판타지",D12
1269,"리펜턴스",D23
1270,"리피토먼트 리믹스",D22
1271,"락 더 하우스",S16
1272,"테이크 아웃",S20
1273,"저스트 홀드 온 (To All Fighters)",S21
1274,"댄스 위드 미",D18
1275,"이그니스 패터스(DM Ashura 믹스)",D23
1276,"이미지네이션",S15
1277,"무혼 2",D20
1278,"데사파레세르",S22
1279,"모노리스",D22
1280,"파사칼리아",S17
1281,"데인저 & 데인저",D23
1282,"크로스 타임",S07
1283,"아발란퀴엠",S20
1284,"탄탄멘",S11
1285,"레이브 언틸 디 어스 엔드",D20
1286,"라이크 미",S19
1287,"라 그랑 블루",D18
1288,"알레그로 콘 뿌오코 - FULL SONG -",D21
1289,"크로스 타임",D11
1290,"갓 모드 feat. Skizzo",D21
1291,"데스티네이션 - SHORT CUT -",D21
1292,"위치 닥터",D19
1293,"락 더 하우스",S10
1294,"듀얼 레이싱 <레드 vs 블루>",S18
1295,"인피니티",D19
1296,"탄탄멘",S07
1297,"반야-P 기타 리믹스",D24
1298,"패스터 Z",D21
1299,"타이밍",D11
1300,"아클루오이아스",D17
1301,"캐논 디 - FULL SONG -",D23
1302,"임프린팅",S11
1303,"에러코드: 0",D24
1304,"캉-캉 ~Orpheus in The Party Mix~ - SHORT CUT -",D13
1305,"가고일 - FULL SONG -",S23
1306,"데스티네이션",D20
1307,"캐논 디",S17
1308,"까르멘 버스",S21
1309,"천년이 지나서",S07
1310,"아드레날린 블래스터",S15
1311,"클럽 나이트",D23
1312,"V3",S14
1313,"라이징 스타",S17
1314,"디",D20
1315,"BS파워 익스플로전",S08
1316,"스마일 다이어리",D19
1317,"포인트 제로 2",S21
1318,"포인트 제로 2",D15
1319,"리얼리티",S17
1320,"하이 바이",D20
1321,"파이널 오디션 에피소드 2-1",S22
1322,"김치 핑거즈",D21
1323,"네메시스",S16
1324,"이그니스 패터스(DM Ashura 믹스) - SHORT CUT -",D21
1325,"인피니티",D23
1326,"디그니티",S17
1327,"매지컬 베케이션",D18
1328,"비메라",S24
1329,"위치 닥터",D22
1330,"오벨리스크",D15
1331,"브레인 파워",D08
1332,"캐논 X.1",D22
1333,"서든 로맨스 [PIU Edit]",D19
1334,"와라유도인?",D23
1335,"아이스 오브 데스",D17
1336,"네이팜",S21
1337,"알레그로 콘 뿌오코",S17
1338,"아발란치",S19
1339,"프렌드",S15
1340,"엑스트리",D22
1341,"프라임 타임",S23
1342,"바이올렛 퍼퓸",C
1343,"키메라",S18
1344,"아스테리오스 -리엔트리-",D22
1345,"치킨 윙",S06
1346,"비트 더 고스트",D20
1347,"업 앤 업 (Produced by AWAL)",D21
1348,"클리너",S13
1349,"미토츠다이라",D16
1350,"붐!!",S07
1351,"슈가 플럼",D17
1352,"오벨리스크",D17
1353,"오르비트 스테빌라이저",S21
1354,"슈가 플럼",S07
1355,"슈퍼 카프리시오",S16
1356,"또다른 진심",S04
1357,"사라반드 - SHORT CUT -",D19
1358,"천년이 지나서",S12
1359,"임프린팅",S08
1360,"레이지 오브 파이어",S16
1361,"하트 래빗 코스터",D18
1362,"프렌드",D17
1363,"배니쉬",D24
1364,"라이프 이즈 피아노",S07
1365,"오르비트 스테빌라이저",S19
1366,"리얼리티",S15
1367,"브로큰 카르마 (PIU EDIT)",S21
1368,"스타트 온 레드",D19
1369,"패러독스",S23
1370,"베들램",D24
1371,"조깅",S03
1372,"하늘다람쥐",S19
1373,"갓 모드 2.0 feat. Skizzo",D22
1374,"어나이얼레이터 메소드",D15
1375,"알레그로 콘 뿌오코",D23
1376,"아이스 오브 데스",S11
1377,"카프리스 오브 디제이 오타다",D25
1378,"태동 2",D20
1379,"라그나로크",S21
1380,"크리스마스의 기억",D15
1381,"클레마티스 랩소디아",S15
1382,"진공 청소기",S16
1383,"패스터 Z",D23
1384,"타임 어택 <블루>",D16
1385,"트리튬",D19
1386,"스위트로닉",S05
1387,"싸이클링!",D16
1388,"퍼더",D17
1389,"파이널 오디션 에피소드 2-2",D24
1390,"스켑틱",D14
1391,"팝 시퀀스",S11
1392,"로키",S12
1393,"히페리온",D18
1394,"아마겟돈",S16
1395,"우라늄",D24
1396,"하트 래빗 코스터",D25
1397,"프라임 타임",D26
1398,"포스 오브 라",D20
1399,"오벨리스크",S17
1400,"포가튼 뱀파이어",S08
1401,"니알라토텝 - SHORT CUT -",D24
1402,"러브 이즈 어 데인저 존(Cranky 믹스)",D16
1403,"트란사칼리아",S16
1404,"제로아이즈",S21
1405,"하우스플랜",S09
1406,"알테일",S06
1407,"마리아",D16
1408,"데사파레세르",D19
1409,"파반느",D22
1410,"인디스트럭터블",S17
1411,"풀 문 - FULL SONG -",S22
1412,"유니크",D16
1413,"엑스트라바간자",S19
1414,"알레그로 콘 뿌오코",S10
1415,"루시드(PIU Edit)",S19
1416,"갓 모드 2.0 feat. Skizzo",S17
1417,"까랴위사따",D22
1418,"사람들은 몰랐다네",S16
1419,"팝 시퀀스",S15
1420,"클루",D18
1421,"텔링 포츈 플라워",D26
1422,"파이널 오디션 에피소드 1",D23
1423,"인디스트럭터블",S19
1424,"오르비트 스테빌라이저",D23
1425,"어나이얼레이터 메소드",S19
1426,"트위스트 오브 페이트 (feat. Ruriling)",S10
1427,"바이올렛 퍼퓸",D12
1428,"클럽 나이트",S17
1429,"패스터 Z",S21
1430,"터키 행진곡",S03
1431,"V3",D18
1432,"우라늄",D17
1433,"스마일 다이어리",S16
1434,"터키 행진곡 -미니멀튠즈-",S10
1435,"헬파이어",D19
1436,"에프 에프 에프",D24
1437,"또다른 진심",D18
1438,"캉-캉 ~Orpheus in The Party Mix~",D18
1439,"아드레날린 블래스터",C
1440,"펌핑업",S13
1441,"멘탈 라이더",S21
1442,"윈드밀",D14
1443,"데사파레세르",D23
1444,"천년이 지나서",S18
1445,"알테일",D06
1446,"가장신자",S16
1447,"진공 청소기",D20
1448,"윌 오 더 위스프",D21
1449,"라이징 스타",S06
1450,"캄파넬라",D17
1451,"요그 소토스 - SHORT CUT -",D21
1452,"파파시토 (feat.  KuTiNA) - FULL SONG -",S22
1453,"파파시토 (feat.  KuTiNA)",D11
1454,"헤스티아",S10
1455,"어웨이크닝",S14
1456,"파이어 누들 챌린지",D20
1457,"요그 소토스",S16
1458,"프라임",D16
1459,"네메시스",S18
1460,"슈가 플럼",S15
1461,"캄파넬라",S10
1462,"라 그랑 블루",S12
1463,"저스트 홀드 온 (To All Fighters)",D15
1464,"윈터",D21
1465,"리펜턴스",S10
1466,"듀얼 레이싱 <레드 vs 블루>",S16
1467,"바로크 바이러스 - FULL SONG -",D20
1468,"엑스트라바간자",D21
1469,"까르멘 버스",S18
1470,"하트 래빗 코스터",D13
1471,"프렌드",S10
1472,"헬파이어",S11
1473,"틸 디 엔드 오브 타임",S11
1474,"아클루오이아스",D14
1475,"캉-캉 ~Orpheus in The Party Mix~ - SHORT CUT -",D21
1476,"헬파이어",S07
1477,"타이밍",S18
1478,"헬파이어",S18
1479,"스타드림 (feat. Romelon)",S06
1480,"롤링 크리스마스",D05
1481,"펌프 미 아마데우스",D21
1482,"포인트 제로 2",S19
1483,"가고일 - FULL SONG -",D25
1484,"아발란퀴엠",D25
1485,"브레이크 잇 다운",D21
1486,"트위스트 오브 페이트 (feat. Ruriling)",C
1487,"배드 애플!! feat. Nomico - FULL SONG -",S10
1488,"슬랩스틱 파르페",S16
1489,"업 앤 업 (Produced by AWAL)",D18
1490,"인피니티",S15
1491,"크로싱 델타",D14
1492,"레드라인",D20
1493,"김치 핑거즈",S14
1494,"슬랩스틱 파르페",S07
1495,"아이 원트 유",S17
1496,"라 그랑 블루",S07
1497,"서든 로맨스 [PIU Edit]",S14
1498,"베들램",D15
1499,"스타트 온 레드",S19
1500,"굿 나이트 - FULL SONG -",S21
1501,"아드레날린 블래스터",S18
1502,"스타트 온 레드",S16
1503,"오블리터레이션",D19
1504,"하우스플랜",S17
1505,"아이올라이트 스카이",S16
1506,"왈츠 오브 도지",S14
1507,"캐논 디",S21
1508,"로봇 배틀",D24
1509,"1950",D25
1510,"브로큰 카르마 (PIU EDIT)",S11
1511,"날아올라",S18
1512,"바로크 바이러스 - FULL SONG -",S21
1513,"요그 소토스",S17
1514,"매드 사이언스",D16
1515,"얼론",S03
1516,"디그니티",S06
1517,"블랙스완",D15
1518,"크로스 오버 feat. LyuU",C
1519,"프라임 타임",D23
1520,"서든 로맨스 [PIU Edit]",D15
1521,"아이스 오브 데스",S07
1522,"크리스마스의 기억",S14
1523,"헬릭스",D16
1524,"HTTP",S14
1525,"HTTP",S17
1526,"뷰티플라이어",D09
1527,"더 레볼루션",D19
1528,"슬램",S09
1529,"불카누스",S22
1530,"엘리제",S11
1531,"리더",S18
1532,"윈드밀",S08
1533,"포가튼 뱀파이어",D14
1534,"슬랩스틱 파르페",S19
1535,"키메라",S19
1536,"하늘다람쥐",D26
1537,"롤링 크리스마스",S12
1538,"포세이돈",D22
1539,"킵 온!",S06
1540,"퀸 오브 더 레드",D16
1541,"헬파이어",D10
1542,"암피트리온",S11
1543,"펌트리스 8비트 ver.",C
1544,"데스티네이션",S13
1545,"슈퍼 판타지 - SHORT CUT -",S19
1546,"아이 원트 유 - SHORT CUT -",D21
1547,"치킨 윙",S11
1548,"라스트 리버스",S05
1549,"팔랑크스 "RS2018 edit"",S15
1550,"펌트리스 꽈뜨로",D22
1551,"닥터 엠",S14
1552,"디 엔드 오브 더 월드 ft. Skizzo",S16
1553,"캉-캉 ~Orpheus in The Party Mix~",S16
1554,"아클루오이아스",S09
1555,"스마일 다이어리",S19
1556,"서든 로맨스 [PIU Edit]",S19
1557,"네메시스",S10
1558,"헤드리스 치킨",S15
1559,"레이디버그",C
1560,"갓 모드 2.0 feat. Skizzo",S21
1561,"아르카나 포스",D17
1562,"엘리제",S16
1563,"8 6",C
1564,"헤드리스 치킨",C
1565,"파파시토 (feat.  KuTiNA) - FULL SONG -",S12
1566,"야누스",C
1567,"굿 나이트",D06
1568,"루시드(PIU Edit)",D23
1569,"파파시토 (feat.  KuTiNA)",D18
1570,"어웨이크닝",D09
1571,"키티 캣",D15
1572,"오벨리스크",S10
1573,"브로큰 카르마 (PIU EDIT)",S16
1574,"아르카나 포스",S16
1575,"캐논 디 - FULL SONG -",S17
1576,"히페리온 - SHORT CUT -",S16
1577,"오벨리스크",S15
1578,"유어 마인드",S17
1579,"인디스트럭터블",S12
1580,"팝 더 트랙",D20
1581,"크리스마스의 기억",D09
1582,"데인저 & 데인저",D18
1583,"스마일 다이어리",D17
1584,"락 더 하우스",D18
1585,"라이프 이즈 피아노",D11
1586,"크로싱 델타",S17
1587,"닥터 엠",S10
1588,"일 더하기 일은 귀요미",D21
1589,"슈퍼 카프리시오",S19
1590,"라 그랑 블루",S18
1591,"오버블로우2",S15
1592,"크로스 타임",S18
1593,"레드 스노우",S19
1594,"유 갓 미 크레이지",S17
1595,"킵 온!",S13
1596,"파이널 오디션 에피소드 2-X",D21
1597,"배드 애플!! feat. Nomico - FULL SONG -",D22
1598,"코스미컬 리듬",S14
1599,"클럽 나이트",D12
1600,"유 갓 미 락킹",S09
1601,"마왕",D20
1602,"설탕음모론",S18
1603,"디 엔드 오브 더 월드 ft. Skizzo",S08
1604,"베들램",S15
1605,"얼티메이텀",D27
1606,"파사칼리아",D18
1607,"스켑틱",S12
1608,"퀸 오브 더 레드",S07
1609,"금혼식",S16
1610,"테크 -클럽 코펜하겐-",D17
1611,"하늘다람쥐",S21
1612,"알레그로 콘 뿌오코 - FULL SONG -",S23
1613,"니힐리즘 - 어나더 버전 -",S15
1614,"리무버블 디스코",C
1615,"포인트 제로 2",S16
1616,"반야 힙합 리믹스",D21
1617,"V3",S17
1618,"슈퍼 카프리시오",D11
1619,"드림 투 나이트메어",S19
1620,"슬램",S07
1621,"헤스티아",S19
1622,"네이팜",D16
1623,"첫사랑",D15
1624,"배니쉬",S06
1625,"무혼",D10
1626,"천년이 지나서",D14
1627,"블랙 드래곤",D17
1628,"월광 - SHORT CUT -",D20
1629,"멘탈 라이더",D15
1630,"유 앤 아이",S04
1631,"패러독스",D25
1632,"꺼림칙한",C
1633,"진공 청소기",D26
1634,"킵 온!",D13
1635,"유령의 축제 2 (Sneak)",D17
1636,"캐논 디",S03
1637,"파파시토 (feat.  KuTiNA) - FULL SONG -",D23
1638,"조깅",D07
1639,"모멘트 데이",S15
1640,"트위스트 오브 페이트 (feat. Ruriling)",D10
1641,"카프리스 오브 디제이 오타다",S21
1642,"스타더스트 오버드라이브",D16
1643,"위키드 레전드",S10
1644,"도나텔로",S17
1645,"미션 파서블",S19
1646,"슬램",S05
1647,"디스트릭트 1",S15
1648,"팝 시퀀스",S05
1649,"도나텔로",S13
1650,"파이어 누들 챌린지",D25
1651,"왈츠 오브 도지",S19
1652,"텔링 포츈 플라워",S17
1653,"크로스 소울",D18
1654,"러브 이즈 어 데인저 존(Cranky 믹스)",S17
1655,"파이널 오디션",D19
1656,"히글디 피글디",D16
1657,"니알라토텝",S18
1658,"터키 행진곡",S17
1659,"크로싱 델타",D18
1660,"파이널 오디션",D17
1661,"천년이 지나서",S04
1662,"배드 애플!! feat. Nomico - FULL SONG -",S17
1663,"우편마차",D22
1664,"트래블 투 퓨처",D18
1665,"사월",S17
1666,"야누스",S12
1667,"배드 애플!! feat. Nomico - FULL SONG -",S14
1668,"슈가 플럼",D11
1669,"사라반드 - SHORT CUT -",S10
1670,"디스트릭트 1",S10
1671,"하이퍼큐브",D19
1672,"베토벤 인플루엔자",S21
1673,"트란사칼리아",D18
1674,"롤링 크리스마스",C
1675,"파이널 오디션 에피소드 2-1",D23
1676,"블랙스완",S15
1677,"마타도르",D22
1678,"팝 시퀀스",S07
1679,"무혼",S18
1680,"오버 더 호라이즌",D21
1681,"킬 뎀!",D19
1682,"앵귀시드 언메이킹",D19
1683,"퍼센트 엑스",S18
1684,"파이널 오디션 2",D20
1685,"스마일 다이어리",S11
1686,"포세이돈 - SHORT CUT -",D21
1687,"블랙스완",S12
1688,"헤드리스 치킨",D17
1689,"아클루오이아스",S17
1690,"위키드 레전드",D18
1691,"바로크 바이러스",S17
1692,"굿 나이트",S03
1693,"레이지 오브 파이어",S18
1694,"아발란치",S16
1695,"네크로맨시",D15
1696,"사람들은 몰랐다네",D17
1697,"파이널 오디션",S18
1698,"레이디버그",D14
1699,"퀸 오브 더 레드",S12
1700,"레드 스노우",S16
1701,"셀피쉬니스",S17
1702,"레드라인",D16
1703,"락 더 하우스",S08
1704,"캐논 디",D17
1705,"불카누스",D24
1706,"아발란퀴엠",S23
1707,"우편마차",S04
1708,"히페리온 - SHORT CUT -",D21
1709,"모페모페",D25
1710,"스트리트 쇼다운",D19
1711,"레미니센스",D17
1712,"에프 에프 에프 - SHORT CUT -",D21
1713,"니힐리즘 - 어나더 버전 -",S18
1714,"마왕",S19
1715,"크로스 소울",D12
1716,"프라임",S21
1717,"펌프 미 아마데우스",D15
1718,"스멜스 라이크 어 초콜릿",S16
1719,"키메라",C
1720,"바로크 바이러스 - FULL SONG -",S18
1721,"스마일 다이어리",D09
1722,"투우사의 노래",D21
1723,"야누스",D19
1724,"팬텀",D21
1725,"파이널 오디션 에피소드 1",S21
1726,"임프린팅",D14
1727,"소서리스 엘리제",S10
1728,"바로크 바이러스 - FULL SONG -",S15
1729,"멘탈 라이더",S16
1730,"김치 핑거즈",D17
1731,"가장신자",S18
1732,"파이어 누들 챌린지",S19
1733,"윈터",S16
1734,"야누스",S17
1735,"디스트릭트 1",D12
1736,"레이디버그",S14
1737,"우라늄",S15
1738,"니힐리즘 - 어나더 버전 -",D17
1739,"포세이돈",D08
1740,"파괴",S09
1741,"레미니센스",C
1742,"라젠스키 캉캉",S07
1743,"리더",S21
1744,"탄탄멘",C
1745,"우편마차",D16
1746,"치킨 윙",S17
1747,"엘리제",D17
1748,"닥터 엠",S06
1749,"캐논 X.1",S21
1750,"바로크 바이러스",D18
1751,"트로피카닉",D06
1752,"테이크 아웃",D23
1753,"슈퍼 스타일린",S17
1754,"어웨이크닝",S10
1755,"하우스플랜",S06
1756,"비행기",S03
1757,"코스미컬 리듬",D15
1758,"아클루오이아스",S15
1759,"갓 모드 2.0 feat. Skizzo",S13
1760,"가장신자",D19
1761,"마왕",S12
1762,"라스트 리버스",D18
1763,"스타 커맨드",D15
1764,"클럽 나이트",D18
1765,"폴른 엔젤",D16
1766,"비",S19
1767,"아마겟돈",S10
1768,"사월 - SHORT CUT -",D23
1769,"레미니센스",S10
1770,"라이징 스타",S11
1771,"히페리온",S17
1772,"윌 오 더 위스프",D20
1773,"베들램",S08
1774,"파괴",S12
1775,"닥터 엠",S16
1776,"테일즈 오브 펌프니아",D14
1777,"라젠스키 캉캉",S12
1778,"체이스 미 - FULL SONG -",D25
1779,"파사칼리아",S12
1780,"라젠스키 캉캉",D22
1781,"사월",S12
1782,"1950",D27
1783,"돌리 키스",S17
1784,"퍼더",S16
1785,"조나단의 꿈",D15
1786,"겟 업 (앤 고)",D19
1787,"퀸 오브 더 레드",S04
1788,"돌리 키스",S14
1789,"위치 닥터 #1",D17
1790,"업 앤 업 (Produced by AWAL)",S17
1791,"필 마이 해피니스",S11
1792,"마왕",S06
1793,"사라반드 - SHORT CUT -",S19
1794,"아드레날린 블래스터",D12
1795,"네이팜",S15
1796,"트래블 투 퓨처",S19
1797,"또다른 진심",C
1798,"유니크",S14
1799,"러브 이즈 어 데인저 존",D17
1800,"아스테리오스 -리엔트리-",S14
1801,"헝가리 무곡 V",D17
1802,"틸 디 엔드 오브 타임",D10
1803,"비주얼 드림 2 (인 픽션)",D19
1804,"싸이클링!",S10
1805,"포가튼 뱀파이어",S18
1806,"트리튬",S17
1807,"싸이클링!",S07
1808,"스타드림 (feat. Romelon)",D11
1809,"마왕",D15
1810,"네크로맨시",S10
1811,"왈츠 오브 도지",S17
1812,"이미지네이션",D16
1813,"클럽 나이트",D21
1814,"몽키 핑거즈",S15
1815,"조나단의 꿈",S18
1816,"아이 원트 유",S12
1817,"프라임",S07
1818,"헤스티아",D12
1819,"펌핑업",D15
1820,"브로큰 카르마 (PIU EDIT)",D13
1821,"터키 행진곡",D18
1822,"월광",S19
1823,"퍼더",S18
1824,"하드코어 오브 더 노스",S18
1825,"테프리스",S17
1826,"트래블 투 퓨처",S17
1827,"파이널 오디션 2",D18
1828,"테이크 아웃",D22
1829,"슬랩스틱 파르페",D13
1830,"아이 원트 유",D14
1831,"체이스 미 - FULL SONG -",S19
1832,"금혼식",D17
1833,"라 그랑드 루즈",S13
1834,"라이징 스타",D12
1835,"아이올라이트 스카이",S10
1836,"아마겟돈",D13
1837,"타임 어택 <블루>",S18
1838,"부크",D20
1839,"바로크 바이러스",S10
1840,"겟 업",S15
1841,"웨딩 크래셔 - SHORT CUT -",S11
1842,"슬램",D09
1843,"텔링 포츈 플라워",S13
1844,"로키",D12
1845,"스위트로닉",C
1846,"슈샤",D17
1847,"라그나로크",D17
1848,"퀸 오브 더 레드",S15
1849,"터키 행진곡 -미니멀튠즈-",S06
1850,"파이어 오브 데스티니",S18
1851,"알레그로 콘 뿌오코",D11
1852,"아이올라이트 스카이",D11
1853,"팝 더 트랙",S16
1854,"필 마이 해피니스",D18
1855,"라 그랑 블루",D10
1856,"가고일",S07
1857,"월광",S08
1858,"조나단의 꿈",S16
1859,"풀 문",C
1860,"유어 마인드",S15
1861,"네메시스",D12
1862,"아르카나 포스",D10
1863,"하우스플랜",D08
1864,"서울구경",S13
1865,"날아올라",S01
1866,"네메시스",S07
1867,"라라",D16
1868,"까르멘 버스",S12
1869,"포세이돈",S10
1870,"실버 비트 feat. ChisaUezono",S13
1871,"아발란치",D13
1872,"더 레버리",S11
1873,"롤링 크리스마스",D16
1874,"겟 업",S21
1875,"베토벤 인플루엔자",D20
1876,"인피니티",S10
1877,"리펜턴스",D13
1878,"팔랑크스 "RS2018 edit"",D13
1879,"월광 - SHORT CUT -",S19
1880,"사라반드 - SHORT CUT -",S17
1881,"하이퍼큐브",D15
1882,"유 갓 미 크레이지",D18
1883,"러브 이즈 어 데인저 존 2 - FULL SONG -",S20
1884,"슈퍼 판타지 - SHORT CUT -",D17
1885,"오르비트 스테빌라이저",D18
1886,"매지컬 베케이션",D13
1887,"풀 문 - FULL SONG -",D24
1888,"야근",D15
1889,"배드 애플!! feat. Nomico",S03
1890,"프라임 오프닝 - SHORT CUT -",S15
1891,"마이웨이",D16
1892,"소서리스 엘리제",C
1893,"스위트로닉 - SHORT CUT -",S17
1894,"아발란치",S11
1895,"싸이클링!",S16
1896,"팬텀 -인터메조-",D19
1897,"야누스",D14
1898,"웨딩 크래셔 - SHORT CUT -",S15
1899,"블랙 드래곤",S17
1900,"퍼더",D14
1901,"펌프 미 아마데우스",S18
1902,"인터퍼런스",D19
1903,"팔로우 미",D17
1904,"퍼더",S11
1905,"아이스 오브 데스",D12
1906,"소서리스 엘리제",S08
1907,"헤드리스 치킨",S10
1908,"스톰",S04
1909,"유어 마인드",S09
1910,"스텝",S17
1911,"사월",D07
1912,"라 그랑드 루즈",D19
1913,"BS파워 익스플로전",D13
1914,"요로피쿠 피쿠요로 !",S10
1915,"고딕 레조넌스",D13
1916,"데스티네이션",D15
1917,"캐논 디 - FULL SONG -",S15
1918,"캉-캉 ~Orpheus in The Party Mix~ - SHORT CUT -",D19
1919,"러브 이즈 어 데인저 존 pt.2 - SHORT CUT -",S19
1920,"파반느",D17
1921,"데인저 & 데인저",S16
1922,"프라임",S11
1923,"하늘다람쥐",D21
1924,"월광",S11
1925,"파이널 오디션 3",S16
1926,"두 잇 레게 스타일",D16
1927,"베토벤 바이러스",S17
1928,"첫사랑",S12
1929,"사라반드",S04
1930,"팬텀 -인터메조-",D17
1931,"바로크 바이러스",D13
1932,"여래아",D07
1933,"마타도르",D16
1934,"파괴",D14
1935,"하드코어 오브 더 노스",S12
1936,"캉-캉 ~Orpheus in The Party Mix~",D12
1937,"닥터 엠",S09
1938,"암피트리온",D13
1939,"알레그로 퓨리오소",S14
1940,"하드코어 오브 더 노스",D15
1941,"라티노 바이러스",S09
1942,"레이브 언틸 디 어스 엔드",S15
1943,"저스트 홀드 온 (To All Fighters)",D19
1944,"모페모페",C
1945,"시그너스",S11
1946,"블랙 드래곤",D19
1947,"오블리터레이션",D10
1948,"러브 이즈 어 데인저 존 pt.2",S15
1949,"포세이돈 - SHORT CUT -",S14
1950,"여래아",S08
1951,"캇코이",D19
1952,"트란사칼리아",D13
1953,"오르비트 스테빌라이저",S16
1954,"포가튼 뱀파이어",D05
1955,"로그인",S18
1956,"팔랑크스 "RS2018 edit"",S11
1957,"하늘다람쥐",D24
1958,"더 레버리",D12
1959,"체이스 미",S03
1960,"데사파레세르",D25
1961,"고딕 레조넌스",S11
1962,"금혼식",D13
1963,"요그 소토스",C
1964,"스콜피온 킹",S19
1965,"키티 캣",S14
1966,"요그 소토스 - SHORT CUT -",S18
1967,"네크로맨시",S04
1968,"업 앤 업 (Produced by AWAL)",D10
1969,"락 더 하우스 - SHORT CUT -",S15
1970,"V3",S09
1971,"아르카나 포스",S09
1972,"사월 - SHORT CUT -",S19
1973,"월광",D20
1974,"캉-캉 ~Orpheus in The Party Mix~ - SHORT CUT -",D15
1975,"셀피쉬니스",D18
1976,"유령의 축제 2 (Sneak)",S11
1977,"에러코드: 0",D27
1978,"슈가 플럼",C
1979,"프라임",D18
1980,"야근",S14
1981,"안녕 윌리엄",D20
1982,"알테일",S02
1983,"크로싱 델타",C
1984,"파파시토 (feat.  KuTiNA) - FULL SONG -",S19
1985,"마카롱 데이",D18
1986,"엘리제",S04
1987,"오블리터레이션",S15
1988,"트림 북 오브 더 워",D22
1989,"테크 -클럽 코펜하겐-",S18
1990,"클레마티스 랩소디아",C
1991,"텔링 포츈 플라워",S10
1992,"왈츠 오브 도지",D18
1993,"라티노 바이러스",S07
1994,"트란사칼리아",S11
1995,"테일즈 오브 펌프니아",S12
1996,"디그니티 - FULL SONG -",D22
1997,"마리아",S18
1998,"갓 모드 2.0 feat. Skizzo",D18
1999,"탄탄멘",D13
2000,"오버블로우2",D15
2001,"마이웨이",S15
2002,"유 어게인 마이 러브",S14
2003,"테프리스",C
2004,"키티 캣",C
2005,"패싱 라이더",D20
2006,"포가튼 뱀파이어",D11
2007,"알레그로 콘 뿌오코",D18
2008,"모멘트 데이",S10
2009,"유 어게인 마이 러브",D15
2010,"데스티네이션",S19
2011,"슈퍼 스타일린",D10
2012,"하트 어택",D18
2013,"레퀴엠",D10
2014,"아스테리오스 -리엔트리-",S10
2015,"퀸 오브 더 레드",D14
2016,"배드 애플!! feat. Nomico",S01
2017,"러브 이즈 어 데인저 존(Cranky 믹스)",S14
2018,"시그너스",S07
2019,"포가튼 뱀파이어",S06
2020,"슬랩스틱 파르페",D18
2021,"설탕음모론",D11
2022,"바이올렛 퍼퓸",S04
2023,"아이스 오브 데스",C
2024,"점프",D18
2025,"XX 오프닝 - SHORT CUT -",S16
2026,"데인저 & 데인저",S12
2027,"파이널 오디션 2",S18
2028,"일 더하기 일은 귀요미",D17
2029,"XX 오프닝 - SHORT CUT -",S11
2030,"헤이 유",D16
2031,"라라",S14
2032,"레이지 오브 파이어",C
2033,"캄파넬라",S16
2034,"윌 오 더 위스프",S19
2035,"아마이 유우와쿠 데인저러스",S06
2036,"금혼식",S09
2037,"버터플라이",S13
2038,"차이니즈 레스토랑",S18
2039,"위 갓 투 노우",S17
2040,"퍼센트 엑스",S10
2041,"오블리터레이션",D16
2042,"파이어 오브 데스티니",D18
2043,"알레그로 퓨리오소",S18
2044,"더 레볼루션",S17
2045,"웨딩 크래셔",C
2046,"모멘트 데이",D11
2047,"헬릭스",S19
2048,"마이웨이",D18
2049,"오르비트 스테빌라이저",S13
2050,"알레그로 콘 뿌오코 - FULL SONG -",D25
2051,"미스터 라푸스",S05
2052,"엑스트림",D20
2053,"앵귀시드 언메이킹",S15
2054,"패러독스",D28
2055,"비트 오브 더 워",S21
2056,"팬텀 -인터메조-",D21
2057,"비",D15
2058,"매지컬 베케이션",S16
2059,"펌프 미 아마데우스",S06
2060,"V3",D10
2061,"히페리온",S14
2062,"클레마티스 랩소디아",S11
2063,"모멘트 데이",S17
2064,"유 갓 미 락킹",S18
2065,"파이널 오디션 에피소드 1",D22
2066,"슈샤",S10
2067,"디그니티",S04
2068,"슈가 플럼",S04
2069,"레퀴엠",D18
2070,"배드 애플!! feat. Nomico - FULL SONG -",D18
2071,"레미니센스",S16
2072,"엑스트림",S12
2073,"헬릭스",S16
2074,"날아올라",S03
2075,"러브 이즈 어 데인저 존(Cranky 믹스)",C
2076,"치킨 윙",S21
2077,"캐논 X.1",D15
2078,"까르멘 버스",S16
2079,"프라임",S16
2080,"브레인 파워",S03
2081,"갓 모드 feat. Skizzo",S13
2082,"틸 디 엔드 오브 타임",S13
2083,"헬릭스",S07
2084,"저스트 홀드 온 (To All Fighters)",S16
2085,"유토피아",D18
2086,"데인저 & 데인저",D10
2087,"스위트로닉",S03
2088,"슈퍼 스타일린",D12
2089,"인피니티",D10
2090,"XX 오프닝 - SHORT CUT -",S03
2091,"비행기",S01
2092,"리얼리티",D06
2093,"포세이돈 - SHORT CUT -",S18
2094,"락 더 하우스",D13
2095,"까르멘 버스",D13
2096,"디제이 오타다",S17
2097,"블레이징",S17
2098,"우츠시요 노 카제 feat. Kana",S17
2099,"오블리터레이션",S10
2100,"설탕음모론",C
2101,"네메시스",C
2102,"윈터",S04
2103,"락 더 하우스",D11
2104,"날아올라",C
2105,"파이널 오디션 에피소드 2-1",D22
2106,"비트 오브 더 워 2",S21
2107,"굿바운스",S04
2108,"요로피쿠 피쿠요로 !",S05
2109,"파이어 오브 데스티니",S10
2110,"포인트 제로 원",S16
2111,"레드 스노우",D13
2112,"차이니즈 레스토랑",S10
2113,"립톤 스트라이크",S10
2114,"브레이크 아웃",S12
2115,"캐논 디 - FULL SONG -",D24
2116,"미스 에스 스토리",D19
2117,"야누스",S08
2118,"ㅁㄴㅇㄹ",D17
2119,"팔로우 미",S06
2120,"파이널 오디션 에피소드 2-2",S08
2121,"엑스트림",S15
2122,"케이.오.에이 : 엘리스 인 원더월드",D19
2123,"아이 원트 유 - SHORT CUT -",S19
2124,"사월",S06
2125,"아리랑",D15
2126,"태동",S12
2127,"트라이브 어택커",D17
2128,"에프 에프 에프",D15
2129,"엑스트라바간자",D15
2130,"롤링 크리스마스",S08
2131,"포인트 제로 2",S11
2132,"위치 닥터 - SHORT CUT -",S14
2133,"루시드(PIU Edit)",S13
2134,"크로스 레이 (feat. 月下Lia)",S04
2135,"시그너스",D12
2136,"더 레볼루션",S19
2137,"유니크",S10
2138,"펌트리스 꽈뜨로",S13
2139,"엑시던트",S13
2140,"롤링 크리스마스",D13
2141,"갓 모드 feat. Skizzo",D09
2142,"스텝",D18
2143,"헬릭스",D19
2144,"데인저 & 데인저",D14
2145,"포세이돈 - SHORT CUT -",S11
2146,"일 더하기 일은 귀요미",S15
2147,"퍼센트 엑스",D09
2148,"마이 드림즈",S19
2149,"돌리 키스",S06
2150,"캉-캉 ~Orpheus in The Party Mix~ - SHORT CUT -",D17
2151,"더 레볼루션",D12
2152,"아발란치",S07
2153,"일 더하기 일은 귀요미",S19
2154,"라이크 미",S10
2155,"퀸 오브 더 레드",D19
2156,"파이어 오브 데스티니",S16
2157,"러브 이즈 어 데인저 존",S11
2158,"뷰티플라이어",S04
2159,"엘리시움",D15
2160,"트래블 투 퓨처",D13
2161,"필 마이 해피니스",S17
2162,"차이니즈 레스토랑",S16
2163,"어웨이크닝",S19
2164,"파이널 오디션",S10
2165,"슈샤",S14
2166,"V3",S06
2167,"HTTP",D13
2168,"트리튬",D14
2169,"포세이돈",S06
2170,"프렌드",D12
2171,"아이디얼라이즈드 로맨스 ",S16
2172,"잣",S15
2173,"베들램",S18
2174,"스멜스 라이크 어 초콜릿",D17
2175,"사월 - SHORT CUT -",D19
2176,"레드라인",C
2177,"레이브 언틸 디 어스 엔드",S19
2178,"위키드 레전드",D12
2179,"테일즈 오브 펌프니아",S09
2180,"배드 애플!! feat. Nomico - FULL SONG -",C
2181,"헬릭스",S11
2182,"매드 사이언스",S15
2183,"ㅁㄴㅇㄹ",S17
2184,"셀피쉬니스",S11
2185,"엑스트라바간자",S04
2186,"스텝",S13
2187,"팝 더 트랙",C
2188,"엘리시움",S14
2189,"에프 에프 에프",C
2190,"파이널 오디션 3",D19
2191,"오버 더 호라이즌",S14
2192,"브레이크 아웃",S08
2193,"가장신자",S09
2194,"캇코이",S14
2195,"블랙스완",S19
2196,"모노리스",D17
2197,"러브 이즈 어 데인저 존 pt.2",D18
2198,"서든 로맨스 [PIU Edit]",S06
2199,"유 갓 미 크레이지",S10
2200,"요로피쿠 피쿠요로 !",D16
2201,"메테오 사이언스 (GADGET mix)",S18
2202,"XX 오프닝 - SHORT CUT -",S06
2203,"파이어 누들 챌린지",S15
2204,"립톤 스트라이크",D11
2205,"태동 2",D16
2206,"디제이 오타다",S19
2207,"차이니즈 레스토랑",C
2208,"금혼식",S05
2209,"포스 오브 라",S19
2210,"클루",S16
2211,"겟 업",S05
2212,"유령의 축제 2 (Sneak)",S16
2213,"인피니티",C
2214,"유령의 축제 2 (Sneak)",S18
2215,"펌프 미 아마데우스",D19
2216,"블랙스완",S16
2217,"도나텔로",D18
2218,"팔로우 미",C
2219,"퀸 오브 더 레드",S18
2220,"슈퍼 스타일린",S11
2221,"배드 애플!! feat. Nomico - FULL SONG -",D12
2222,"브링 백 더 비트",S19
2223,"파이널 오디션 에피소드 1",S13
2224,"바로크 바이러스",S05
2225,"위 갓 투 노우",D18
2226,"윈터",D14
2227,"레미니센스",D11
2228,"펌트리스 꽈뜨로",D15
2229,"유 앤 아이",C
2230,"아이디얼라이즈드 로맨스 ",D18
2231,"윌 오 더 위스프",D16
2232,"틸 디 엔드 오브 타임",D13
2233,"키메라",D18
2234,"아스테리오스 -리엔트리-",S06
2235,"알레그로 콘 뿌오코",S05
2236,"사월",S19
2237,"풀 문",S04
2238,"가장신자",D12
2239,"롤링 크리스마스",S05
2240,"팔로우 미",S17
2241,"오벨리스크",D12
2242,"아스테리오스 -리엔트리-",S17
2243,"팬텀 -인터메조-",S16
2244,"무혼",S17
2245,"유 갓 투 노우",D18
2246,"캐논 X.1",S13
2247,"로봇 배틀",D19
2248,"라 그랑드 루즈",S18
2249,"슬랩스틱 파르페",S03
2250,"프라임2 오프닝 - SHORT CUT -",S07
2251,"포스 오브 라",S12
2252,"익시드2 오프닝 - SHORT CUT -",S16
2253,"스타 커맨드",S19
2254,"매지컬 베케이션",C
2255,"사월 - SHORT CUT -",S16
2256,"리키지 볼티지",S21
2257,"프라임2 오프닝 - SHORT CUT -",S17
2258,"틸 디 엔드 오브 타임",S17
2259,"인디스트럭터블",S09
2260,"폴른 엔젤",S11
2261,"텔링 포츈 플라워",D13
2262,"몽키 핑거즈",S10
2263,"실버 비트 feat. ChisaUezono",D08
2264,"제이 봉",S15
2265,"파사칼리아",D14
2266,"터키 행진곡",D13
2267,"요로피쿠 피쿠요로 !",S15
2268,"저스트 홀드 온 (To All Fighters)",S07
2269,"엘리제",D12
2270,"파이널 오디션 2",S10
2271,"위 갓 투 노우",S09
2272,"알레그로 콘 뿌오코",S07
2273,"네크로맨시",S18
2274,"악몽",D14
2275,"마이 드림즈",D19
2276,"테이크 아웃",S17
2277,"더 레볼루션",S12
2278,"슈브 소토스",D27
2279,"라그나로크",S18
2280,"마카롱 데이",S12
2281,"어나이얼레이터 메소드",S16
2282,"라이크 미",S06
2283,"유토피아",D13
2284,"펌트리스 꽈뜨로",S07
2285,"디 엔드 오브 더 월드 ft. Skizzo",D07
2286,"유 갓 미 크레이지",S18
2287,"윈드밀",C
2288,"루시드(PIU Edit)",D14
2289,"리키지 볼티지",D14
2290,"비트 오브 더 워 2",D20
2291,"아마이 유우와쿠 데인저러스",S14
2292,"차이니즈 레스토랑",D19
2293,"디스트릭트 1",C
2294,"스타더스트 오버드라이브",S18
2295,"엑스트리",D20
2296,"베토벤 인플루엔자",S18
2297,"다람쥐 헌 쳇바퀴에 타고파",S11
2298,"우편마차",C
2299,"크리스마스의 기억",S05
2300,"헬릭스",S18
2301,"오! 로사",C
2302,"패스터 Z",S19
2303,"니힐리즘 - 어나더 버전 -",S08
2304,"블레이징",S07
2305,"무혼 1.5",D18
2306,"아스테리오스 -리엔트리-",S19
2307,"클리너",S07
2308,"유 갓 투 노우",S17
2309,"데스티네이션",S17
2310,"소서리스 엘리제",D13
2311,"갓 모드 feat. Skizzo",S18
2312,"포스 오브 라",S17
2313,"파이널 오디션 에피소드 2-2",D19
2314,"클루",S12
2315,"비트 오브 더 워",D20
2316,"아마이 유우와쿠 데인저러스",D10
2317,"스타트 온 레드",D13
2318,"트로피카닉",S04
2319,"스마일 다이어리",S04
2320,"폴른 엔젤",S06
2321,"메테오 사이언스 (GADGET mix)",D18
2322,"레이브 언틸 디 어스 엔드",D14
2323,"인터퍼런스",S18
2324,"우편마차",D12
2325,"유어 마인드",D10
2326,"오블리터레이션",S18
2327,"김치 핑거즈",S17
2328,"엘리제",S18
2329,"파이널 오디션 3",D18
2330,"스위트로닉 - SHORT CUT -",D17
2331,"클럽 나이트",C
2332,"사월 - SHORT CUT -",S09
2333,"무혼 1.5",S16
2334,"파파시토 (feat.  KuTiNA) - FULL SONG -",D14
2335,"야근",S17
2336,"레드 스노우",D18
2337,"제이 봉",D17
2338,"님과 함께",D18
2339,"터키 행진곡 -미니멀튠즈-",S17
2340,"서울구경",S06
2341,"오! 로사",S14
2342,"브링 백 더 비트",D19
2343,"스타트 온 레드",S11
2344,"매지컬 베케이션",S06
2345,"스톰",S02
2346,"킬 뎀!",S15
2347,"스텝",S07
2348,"스타 커맨드",S13
2349,"비메라 - SHORT CUT -",D19
2350,"스트리트 쇼다운",D16
2351,"헤이 유",S15
2352,"모멘트 데이",S18
2353,"프라임",S04
2354,"포세이돈",C
2355,"인피니티 리믹스",S19
2356,"버터플라이",D08
2357,"모멘트 데이",D18
2358,"태동 2",S15
2359,"라그나로크",D09
2360,"어웨이크닝",S16
2361,"앵귀시드 언메이킹",D10
2362,"소서리스 엘리제",S06
2363,"슈퍼 판타지",S04
2364,"풀 문",S02
2365,"카프리스 오브 디제이 오타다",D22
2366,"프리 스타일",S13
2367,"부크",S10
2368,"트위스트 오브 페이트 (feat. Ruriling)",S06
2369,"폴른 엔젤",S19
2370,"제네시스",S18
2371,"에프 에프 에프",S13
2372,"제로아이즈",S12
2373,"트리튬",D10
2374,"데인저 & 데인저",S19
2375,"엘리시움",D10
2376,"러브 이즈 어 데인저 존 2 - FULL SONG -",D21
2377,"이그니스 패터스(DM Ashura 믹스)",S16
2378,"레이지 오브 파이어",S11
2379,"팬텀",D15
2380,"아리랑",S19
2381,"인피니티",S18
2382,"리키지 볼티지",S15
2383,"우라늄",D12
2384,"엘리제",C
2385,"터키 행진곡",S19
2386,"퍼센트 엑스",D13
2387,"팝 시퀀스",D13
2388,"치킨 윙",D18
2389,"슈브 니구라스 - SHORT CUT -",S18
2390,"파사칼리아",S08
2391,"레드 스완",S18
2392,"엠페러",S16
2393,"패스터 Z",S16
2394,"실루엣 이펙트",D13
2395,"이미지네이션",S19
2396,"펌프 점프",D18
2397,"리얼리티",S09
2398,"디제이 오타다",S10
2399,"마리아",S16
2400,"유토피아",S10
2401,"우츠시요 노 카제 feat. Kana",S11
2402,"오벨리스크",S07
2403,"월광",D12
2404,"더 레버리",S08
2405,"사랑가",S13
2406,"브링 백 더 비트",D09
2407,"디스트릭트 1",S06
2408,"윈터",D17
2409,"알레그로 피유 모쏘",D19
2410,"하트 어택",S16
2411,"히페리온",D11
2412,"유 앤 아이",S01
2413,"모노리스",S15
2414,"사람들은 몰랐다네",S12
2415,"아이올라이트 스카이",S07
2416,"터키 바이러스",S15
2417,"패스터 Z",S12
2418,"무브 댓 바디!",S10
2419,"트래블 투 퓨처",S11
2420,"유 갓 미 락킹",D05
2421,"엑시던트",S18
2422,"가장신자",C
2423,"그녀는 피자를 좋아해",D18
2424,"스멜스 라이크 어 초콜릿",D12
2425,"무브 댓 바디!",S17
2426,"윌 오 더 위스프",S13
2427,"치킨 윙",S04
2428,"스타더스트 오버드라이브",S16
2429,"라이프 이즈 피아노",S04
2430,"러브 이즈 어 데인저 존(Cranky 믹스)",S07
2431,"캇코이",D15
2432,"로그인",D12
2433,"팬텀",S18
2434,"오버블로우2",D19
2435,"아이디얼라이즈드 로맨스 ",S07
2436,"밀키 웨이 갤럭시",S06
2437,"아마이 유우와쿠 데인저러스",D06
2438,"레드 스노우",S07
2439,"리피토먼트 리믹스",S18
2440,"뷰티플라이어",S02
2441,"레드라인",S11
2442,"로키",C
2443,"배드 애플!! feat. Nomico",C
2444,"굿 나이트 - FULL SONG -",D26
2445,"탄탄멘",S04
2446,"갓 모드 2.0 feat. Skizzo",D13
2447,"엑스트리",D16
2448,"오벨리스크",C
2449,"캄파넬라",S06
2450,"비",S12
2451,"러브 이즈 어 데인저 존(Cranky 믹스)",D11
2452,"셀피쉬니스",D12
2453,"B2",D19
2454,"하트 어택",D10
2455,"아드레날린 블래스터",S08
2456,"설탕음모론",S19
2457,"하이퍼큐브",S15
2458,"이미지네이션",S18
2459,"헝가리 무곡 V",S06
2460,"파파 헬로이징",S10
2461,"러브 이즈 어 데인저 존",S08
2462,"메테오라이즈",D17
2463,"스멜스 라이크 어 초콜릿",S09
2464,"오버 더 호라이즌",D14
2465,"리펜턴스",S06
2466,"어웨이크닝",C
2467,"제네시스",D15
2468,"오버블로우",S07
2469,"실루엣 이펙트",S18
2470,"비주얼 드림 2 (인 픽션)",S16
2471,"디 갱",D18
2472,"레드라인",S16
2473,"가장신자",S07
2474,"제로아이즈",D18
2475,"이그니스 패터스(DM Ashura 믹스)",S12
2476,"레미니센스",S18
2477,"비메라 - SHORT CUT -",S15
2478,"레드 스노우",C
2479,"미운 오리새끼",S10
2480,"러브 이즈 어 데인저 존 - SHORT CUT -",S13
2481,"아크 오브 다크니스",D18
2482,"필 마이 해피니스",S04
2483,"엑스 레이브",S17
2484,"테프리스",S07
2485,"겟 업",S10
2486,"라이징 스타",C
2487,"카프리스 오브 오타다",S17
2488,"아이 원트 유 - SHORT CUT -",S11
2489,"가고일",S04
2490,"히아신스",S18
2491,"B2",S10
2492,"유토피아",S17
2493,"아마이 유우와쿠 데인저러스",D15
2494,"웨딩 크래셔 - SHORT CUT -",S04
2495,"엠페러",D17
2496,"레이지 오브 파이어",S07
2497,"여래아",S05
2498,"스콜피온 킹",D10
2499,"로봇 배틀",S14
2500,"엠페러",C
2501,"마카롱 데이",S07
2502,"터키 행진곡",C
2503,"스타드림 (feat. Romelon)",S03
2504,"실버 비트 feat. ChisaUezono",S18
2505,"비메라",S17
2506,"파반느",S10
2507,"왈츠 오브 도지",S08
2508,"파이널 오디션 에피소드 1",S09
2509,"파이널 오디션 에피소드 2-2",S21
2510,"우라늄",S09
2511,"라스트 리버스",S03
2512,"미토츠다이라",S18
2513,"왈츠 오브 도지",D12
2514,"라그나로크",S08
2515,"고딕 레조넌스",S08
2516,"파이널 오디션",S07
2517,"파이널 오디션 에피소드 2-X",S17
2518,"트라이브 어택커",C
2519,"마타도르",S10
2520,"로봇 배틀",S19
2521,"마카롱 데이",S17
2522,"퍼센트 엑스",S06
2523,"ㅁㄴㅇㄹ",D10
2524,"젓가락 변주곡 - FULL SONG -",D20
2525,"위엑닥바",S17
2526,"더 레볼루션",S07
2527,"마타도르",S18
2528,"B2",S18
2529,"인디스트럭터블",C
2530,"프라임",D13
2531,"팬텀 -인터메조-",S12
2532,"댄스 위드 미",D15
2533,"스텝",D12
2534,"비디오 아웃 씨",D15
2535,"무브 댓 바디!",S12
2536,"사람들은 몰랐다네",D08
2537,"아스테리오스 -리엔트리-",D08
2538,"소서리스 엘리제",S17
2539,"하트 어택",S18
2540,"서든 로맨스 [PIU Edit]",S09
2541,"필 마이 해피니스",D06
2542,"반야 힙합 리믹스",S06
2543,"헬릭스",S05
2544,"사라반드",S02
2545,"멘탈 라이더",S13
2546,"밀키 웨이 갤럭시",D19
2547,"히아신스",S14
2548,"헤드리스 치킨",D12
2549,"우츠시요 노 카제 feat. Kana",D18
2550,"엠.에스.군 리믹스 파트.6",S21
2551,"유니크",S16
2552,"파이널 오디션 에피소드 2-1",S21
2553,"요그 소토스 - SHORT CUT -",S14
2554,"일 더하기 일은 귀요미",S11
2555,"스타더스트 오버드라이브 - SHORT CUT -",S16
2556,"웨딩 크래셔 - SHORT CUT -",S07
2557,"포인트 브레이크",D14
2558,"테이크 아웃 - SHORT CUT -",D19
2559,"메테오라이즈",D09
2560,"오버 더 호라이즌",D18
2561,"디 엔드 오브 더 월드 ft. Skizzo",S05
2562,"앵귀시드 언메이킹",S18
2563,"테프리스",D11
2564,"유 갓 미 크레이지",D05
2565,"인터퍼런스",S12
2566,"마카롱 데이",C
2567,"태동",D16
2568,"유령의 축제 2 (Sneak)",D11
2569,"팬텀",S19
2570,"캄파넬라",D12
2571,"카프리스 오브 오타다",S08
2572,"블랙 드래곤",S08
2573,"이그니스 패터스(DM Ashura 믹스)",C
2574,"테크 -클럽 코펜하겐-",S17
2575,"실버 비트 feat. ChisaUezono",D18
2576,"BS파워 익스플로전",C
2577,"케이.오.에이 : 엘리스 인 원더월드",S17
2578,"엑스트림",S08
2579,"아마겟돈",S06
2580,"윈터 - SHORT CUT -",S11
2581,"테이크 아웃",S07
2582,"왈츠 오브 도지",C
2583,"파이널 오디션 2",S12
2584,"키티 캣",D06
2585,"마타도르",D19
2586,"팝 더 트랙",D18
2587,"머니",D17
2588,"킬 뎀!",S10
2589,"테이크 아웃",D19
2590,"닥터 엠",D14
2591,"젓가락 변주곡",D16
2592,"VVV ",D17
2593,"브레이크 아웃",D12
2594,"제네시스",D18
2595,"제로아이즈",S17
2596,"업 앤 업 (Produced by AWAL)",S08
2597,"체이스 미",C
2598,"엔",S16
2599,"아이스 오브 데스",S03
2600,"위 갓 투 노우",D07
2601,"싸이클링!",D11
2602,"스타더스트 오버드라이브",D05
2603,"레이지 오브 파이어",D11
2604,"트리튬",S08
2605,"카프리스 오브 디제이 오타다",S12
2606,"돌리 키스",D06
2607,"셋 미 업",S14
2608,"파이널 오디션 에피소드 1",D15
2609,"엑스트라바간자",D18
2610,"셀피쉬니스",S06
2611,"캐논 X.1",S07
2612,"VVV ",S18
2613,"메테오라이즈",D19
2614,"오버블로우",S16
2615,"파이어 오브 데스티니",D11
2616,"저스트 홀드 온 (To All Fighters)",S11
2617,"클레마티스 랩소디아",D13
2618,"리무버블 디스코",D06
2619,"윈터 - SHORT CUT -",S06
2620,"하드코어 오브 더 노스",S07
2621,"하트 래빗 코스터",C
2622,"카프리스 오브 오타다",D19
2623,"엑스 레이브 - SHORT CUT -",S16
2624,"레퀴엠",S12
2625,"테일즈 오브 펌프니아",C
2626,"사랑가",S16
2627,"아이 원트 유",D06
2628,"미토츠다이라",S15
2629,"프라임2 오프닝 - SHORT CUT -",D19
2630,"헝가리 무곡 V",S09
2631,"마카롱 데이",D13
2632,"아드레날린 블래스터",S05
2633,"마이 드림즈",S18
2634,"타임 어택 <블루>",S15
2635,"프라임",S18
2636,"캇코이",S18
2637,"오버 더 호라이즌",S11
2638,"알레그로 퓨리오소",C
2639,"킬 뎀!",D10
2640,"헤이 유",D10
2641,"닥터 엠",D18
2642,"루시드(PIU Edit)",S07
2643,"트란사칼리아",D07
2644,"사랑가",D17
2645,"슈샤",S05
2646,"두 유 노우 댓-올드 스쿨",S17
2647,"더 레버리",S05
2648,"라 그랑드 루즈",S08
2649,"밀키 웨이 갤럭시",S11
2650,"에브리바디 갓 투 노우",D19
2651,"파파 곤잘레스",S16
2652,"카프리스 오브 오타다",D11
2653,"프라임 오프닝 - SHORT CUT -",C
2654,"미스터 라푸스",D18
2655,"요로피쿠 피쿠요로 !",D05
2656,"아발란치",D19
2657,"헤이 유",S10
2658,"팬텀 -인터메조-",S19
2659,"로봇 배틀",D14
2660,"댄스 위드 미",S15
2661,"임프린팅",S04
2662,"머니",S14
2663,"파이널 오디션 3",S09
2664,"테이크 아웃",S11
2665,"월광 - SHORT CUT -",S15
2666,"데스티네이션 - SHORT CUT -",S11
2667,"몽키 핑거즈",D17
2668,"차이니즈 레스토랑",D11
2669,"포스 오브 라",D12
2670,"헬릭스",D12
2671,"롤링 크리스마스",S17
2672,"레드 스완",C
2673,"파이널 오디션 에피소드 1",S08
2674,"부크",S07
2675,"무브 댓 바디!",D18
2676,"잣",D17
2677,"폴른 엔젤",S17
2678,"비트 오브 더 워 2",S17
2679,"알레그로 퓨리오소",S11
2680,"갓 모드 feat. Skizzo",S08
2681,"라이크 미",D13
2682,"프라임2 오프닝 - SHORT CUT -",S12
2683,"토카타",S11
2684,"비트 더 고스트",S18
2685,"사라반드",C
2686,"아스테리오스 -리엔트리-",D18
2687,"오버블로우",S18
2688,"부크",D15
2689,"스타 커맨드",S15
2690,"비디오 아웃 씨",S17
2691,"위 갓 투 노우",S01
2692,"패스터 Z",D15
2693,"위치 닥터",S17
2694,"조나단의 꿈",D13
2695,"비주얼 드림 2 (인 픽션)",S18
2696,"힙노시스(SynthWulf 믹스)",D15
2697,"데인저 & 데인저",S08
2698,"사람들은 몰랐다네",C
2699,"디 갱",D15
2700,"위 갓 투 노우",C
2701,"터키 행진곡 -미니멀튠즈-",D18
2702,"엑스트림",D15
2703,"슈퍼 스타일린",S08
2704,"디",S18
2705,"헬로우",D18
2706,"힙노시스(SynthWulf 믹스)",D14
2707,"차이니즈 레스토랑",S07
2708,"아이디얼라이즈드 로맨스 ",S11
2709,"어웨이크닝",S07
2710,"엑스트리",S14
2711,"겟 업",D15
2712,"브링 백 더 비트",S12
2713,"닥터 엠",S03
2714,"B2",S16
2715,"데스티네이션",S04
2716,"아르카나 포스",S04
2717,"헤드리스 치킨",S06
2718,"아리랑",S13
2719,"레드라인",D19
2720,"엠.에스.군 리믹스 파트.6",D21
2721,"키메라",S04
2722,"소서리스 엘리제",D18
2723,"실버 비트 feat. ChisaUezono",S16
2724,"데스티네이션",S07
2725,"매드 사이언스",D09
2726,"코스미컬 리듬",S06
2727,"러브 이즈 어 데인저 존 pt.2 어나더",S17
2728,"스위트로닉 - SHORT CUT -",S14
2729,"아발란치",C
2730,"익시드2 오프닝 - SHORT CUT -",D18
2731,"크로스 타임",S03
2732,"마타도르",D07
2733,"라티노 바이러스",S17
2734,"불카누스",S19
2735,"오이 오이 오이",S14
2736,"오버블로우2",D08
2737,"어웨이크닝",D13
2738,"펌트리스 8비트 ver. - SHORT CUT -",S08
2739,"로그인",S10
2740,"라티노 바이러스",S03
2741,"하우스플랜",S03
2742,"NX 오프닝 - SHORT CUT -",S16
2743,"팝 더 트랙",S10
2744,"디",D14
2745,"폴른 엔젤",D11
2746,"트리튬",S12
2747,"매지컬 베케이션",S11
2748,"비주얼 드림 2 (인 픽션)",S08
2749,"일 더하기 일은 귀요미",D13
2750,"비",S10
2751,"스타드림 (feat. Romelon)",S01
2752,"브레이크 아웃",S16
2753,"파이널 오디션 에피소드 1",S17
2754,"와라유도인?",S18
2755,"펌트리스 8비트 ver. - SHORT CUT -",S16
2756,"슈퍼 카프리시오",S04
2757,"블랙 드래곤",S11
2758,"트로피카닉",S02
2759,"오블리터레이션",S07
2760,"라그나로크",S12
2761,"오버블로우",S10
2762,"네크로맨시",S07
2763,"웨딩 크래셔 - SHORT CUT -",S18
2764,"XX 오프닝 - SHORT CUT -",D17
2765,"타이밍",S04
2766,"스멜스 라이크 어 초콜릿",S06
2767,"모노리스",D14
2768,"앵귀시드 언메이킹",S08
2769,"리키지 볼티지",S17
2770,"오! 로사",D11
2771,"팬텀",S13
2772,"위치 닥터 #1",S19
2773,"우츠시요 노 카제 feat. Kana",D11
2774,"파파 곤잘레스",D19
2775,"스위트로닉 - SHORT CUT -",D11
2776,"일 더하기 일은 귀요미",S08
2777,"유 갓 미 락킹 - SHORT CUT -",S17
2778,"엑스트라 반야 리믹스",S12
2779,"팝 더 트랙",S18
2780,"왈츠 오브 도지",S11
2781,"기타 맨",D19
2782,"유토피아",S07
2783,"타이밍",S02
2784,"레퀴엠",S19
2785,"오버블로우",C
2786,"잼 오 비트",D15
2787,"힙노시스(SynthWulf 믹스)",S11
2788,"러브 이즈 어 데인저 존 pt.2 - SHORT CUT -",S09
2789,"겟 유어 그루브 온",D10
2790,"부크",S18
2791,"실루엣 이펙트",S10
2792,"포인트 브레이크",D07
2793,"일 더하기 일은 귀요미",C
2794,"비",S07
2795,"님과 함께",D14
2796,"토카타",S17
2797,"블레이징",S09
2798,"포가튼 뱀파이어",C
2799,"듀얼 레이싱 <레드 vs 블루>",D13
2800,"비트 오브 더 워 2 - FULL SONG -",S21
2801,"소서리스 엘리제",S18
2802,"까랴위사따",S14
2803,"하이 바이",S16
2804,"클루",D12
2805,"코스미컬 리듬",D11
2806,"파이널 오디션 3",S17
2807,"히글디 피글디",D08
2808,"설탕음모론",S01
2809,"비트 오브 더 워 2",S11
2810,"윈터 - SHORT CUT -",S16
2811,"일 더하기 일은 귀요미",S04
2812,"사람들은 펌핑업을 몰랐다네",S08
2813,"무브 댓 바디! - FULL SONG -",D19
2814,"프리 스타일",D15
2815,"데스티네이션 - SHORT CUT -",S15
2816,"브레이크 아웃",S19
2817,"하트 어택",S07
2818,"포세이돈 - SHORT CUT -",D14
2819,"디",D19
2820,"코스미컬 리듬",S08
2821,"패싱 라이더",S19
2822,"디제이 오타다",D14
2823,"위엑닥바",D17
2824,"허쉬",S15
2825,"패스터 Z",S13
2826,"패싱 라이더",S16
2827,"미드나잇 블루",D13
2828,"레이브 언틸 디 어스 엔드",D18
2829,"모멘트 데이",S06
2830,"미션 파서블 -블로우 백-",S19
2831,"반야-P 클래식 리믹스",S21
2832,"브레이크 잇 다운",S14
2833,"블레이즈 이모션 (Band version)",D05
2834,"님과 함께",S12
2835,"펌트리스 8비트 ver.",S05
2836,"파이널 오디션 2 - SHORT CUT -",D19
2837,"마카롱 데이",S04
2838,"젓가락 변주곡 - FULL SONG -",S17
2839,"오버블로우",D19
2840,"레미니센스",S06
2841,"러브 이즈 어 데인저 존 2 Try To B.P.M",D17
2842,"라라",D08
2843,"업 앤 업 (Produced by AWAL)",S05
2844,"헤이 유",S05
2845,"유 갓 미 크레이지",S06
2846,"키티 캣",S01
2847,"리얼리티",S06
2848,"디 갱",S18
2849,"하이 바이",S19
2850,"클루",S08
2851,"킬 뎀!",S18
2852,"매지컬 베케이션",S18
2853,"러브 이즈 어 데인저 존 - SHORT CUT -",D18
2854,"펌핑 점핑",S14
2855,"패스터 Z",S07
2856,"모노리스",S09
2857,"블레이즈 이모션",S17
2858,"오버블로우",D12
2859,"갓 모드 2.0 feat. Skizzo",S08
2860,"트롯프리스 - SHORT CUT -",S14
2861,"셀피쉬니스 - SHORT CUT -",D18
2862,"마왕",S04
2863,"헤스티아",S07
2864,"러브 이즈 어 데인저 존 2 Try To B.P.M",S16
2865,"패싱 라이더",D10
2866,"설탕음모론",S03
2867,"미션 파서블 -블로우 백-",D19
2868,"브레이크 아웃",D18
2869,"미드나잇 블루",S12
2870,"위치 닥터 #1",S18
2871,"사랑가",D13
2872,"마리아",S12
2873,"컴 투 미",D15
2874,"HTTP",D11
2875,"러브 이즈 어 데인저 존 pt.2",S07
2876,"트래블 투 퓨처",S07
2877,"아크 오브 다크니스",S15
2878,"파이널 오디션 3 - SHORT CUT -",D18
2879,"라그나로크",S16
2880,"레드 스완",D12
2881,"하이퍼큐브",S10
2882,"힙노시스(SynthWulf 믹스)",S13
2883,"유 갓 미 락킹",S06
2884,"디",S11
2885,"스콜피온 킹",S05
2886,"유니크",D18
2887,"레퀴엠",S07
2888,"트롯프리스 - SHORT CUT -",D15
2889,"마이 드림즈",S10
2890,"실버 비트 feat. ChisaUezono",D13
2891,"밀키 웨이 갤럭시",S18
2892,"케이.오.에이 : 엘리스 인 원더월드",D14
2893,"몽키 핑거즈",S06
2894,"무브 댓 바디! - FULL SONG -",S18
2895,"루시드(PIU Edit)",C
2896,"타임 어택 <블루>",D10
2897,"팝 더 트랙",S07
2898,"리키지 볼티지",S12
2899,"허쉬",D07
2900,"미운 오리새끼",S03
2901,"어나이얼레이터 메소드",S07
2902,"루시드(PIU Edit)",S04
2903,"엑스트라 반야 리믹스",S21
2904,"펌핑업",S05
2905,"그녀는 피자를 좋아해",S10
2906,"무혼",S11
2907,"슈샤",D12
2908,"엑시던트",S07
2909,"헬로우",S11
2910,"메테오라이즈",S18
2911,"모노리스",S05
2912,"하이 바이",S08
2913,"에프 에프 에프",S18
2914,"오버블로우2",S10
2915,"라티노 바이러스",D19
2916,"레이브 언틸 디 어스 엔드",S17
2917,"요로피쿠 피쿠요로 !",S03
2918,"태동",S08
2919,"그녀는 피자를 좋아해",S09
2920,"듀얼 레이싱 <레드 vs 블루>",S07
2921,"유니크",D12
2922,"HTTP",C
2923,"두 잇 레게 스타일",S13
2924,"반야-P 클래식 리믹스",D22
2925,"디제이 오타다",S07
2926,"러브 이즈 어 데인저 존 pt.2",S11
2927,"태동",S05
2928,"매지컬 베케이션",D07
2929,"파이어 오브 데스티니",C
2930,"스위트로닉 - SHORT CUT -",S09
2931,"저스트 홀드 온 (To All Fighters)",S04
2932,"러브 이즈 어 데인저 존",D11
2933,"사람들은 펌핑업을 몰랐다네",D18
2934,"몽키 핑거즈 2",D19
2935,"무혼",D17
2936,"미토츠다이라",S09
2937,"태동",D12
2938,"이그니스 패터스(DM Ashura 믹스)",D17
2939,"레이디버그",S05
2940,"스콜피온 킹",S08
2941,"스타더스트 오버드라이브",S09
2942,"엑스 레이브",S06
2943,"알레그로 피유 모쏘",S17
2944,"반야 클래식 리믹스",D15
2945,"유 어게인 마이 러브",D06
2946,"포가튼 뱀파이어",S03
2947,"비디오 아웃 씨",S14
2948,"아이 원트 유",S07
2949,"비주얼 드림 2 (인 픽션)",D11
2950,"사월",S03
2951,"위엑닥바",S21
2952,"미토츠다이라",D12
2953,"서든 로맨스 [PIU Edit]",D09
2954,"오버 더 호라이즌",S17
2955,"반야 힙합 리믹스",S08
2956,"스타트 온 레드",S08
2957,"셋업 미투 믹스",S18
2958,"알레그로 퓨리오소",S06
2959,"레드라인",S18
2960,"히글디 피글디",S15
2961,"무브 댓 바디!",D12
2962,"반야-P 클래식 리믹스",D16
2963,"엑스 레이브 - SHORT CUT -",D18
2964,"펌트리스 8비트 ver.",S08
2965,"네이티브",S10
2966,"까랴위사따",S16
2967,"라이프 이즈 피아노",S02
2968,"요로피쿠 피쿠요로 !",C
2969,"유 어게인 마이 러브",S01
2970,"레드라인",S05
2971,"브레이크 잇 다운",D05
2972,"인터퍼런스 - FULL SONG -",D16
2973,"안녕 윌리엄",S19
2974,"파사칼리아 - SHORT CUT -",S17
2975,"어나이얼레이터 메소드",S11
2976,"파이널 오디션 에피소드 2-1",D12
2977,"엑스트림",S05
2978,"비트 오브 더 워 2",D15
2979,"파이널 오디션 2",S07
2980,"유토피아",S04
2981,"라라",S01
2982,"네크로맨시",D19
2983,"트라이브 어택커",D10
2984,"포인트 브레이크",S13
2985,"암피트리온",S07
2986,"네메시스",S04
2987,"카프리스 오브 오타다",S06
2988,"안녕 윌리엄",D12
2989,"버터플라이",S09
2990,"VVV ",D19
2991,"무브 댓 바디!",S05
2992,"헝가리 무곡 V",S17
2993,"클루",S18
2994,"패싱 라이더",S12
2995,"케이.오.에이 : 엘리스 인 원더월드 - SHORT CUT -",S16
2996,"디",S07
2997,"라티노 바이러스",D13
2998,"브레이크 잇 다운",D17
2999,"유 갓 투 노우",S02
3000,"알레그로 피유 모쏘",S19
3001,"히글디 피글디",S16
3002,"멘탈 라이더",C
3003,"유니크 - SHORT CUT -",S18
3004,"트위스트 오브 페이트 (feat. Ruriling)",S04
3005,"러브 이즈 어 데인저 존 pt.2 어나더",S18
3006,"스위트로닉 - SHORT CUT -",S03
3007,"트란사칼리아",S06
3008,"루시드(PIU Edit)",S16
3009,"투우사의 노래",D18
3010,"버터플라이",S06
3011,"디 갱",D09
3012,"리무버블 디스코",S06
3013,"무혼 2",S09
3014,"펌프 점프",S15
3015,"셋 미 업",S10
3016,"트라이브 어택커",S05
3017,"레이디버그",S01
3018,"펌핑 점핑",S19
3019,"브링 백 더 비트",S17
3020,"엑스트라바간자 - SHORT CUT -",S16
3021,"아이디얼라이즈드 로맨스 ",S18
3022,"파이널 오디션 에피소드 2-1",S08
3023,"사랑가",S01
3024,"토카타",D15
3025,"잼 오 비트",S16
3026,"사월",C
3027,"무혼",S06
3028,"웨딩 크래셔 - SHORT CUT -",D06
3029,"사람들은 몰랐다네",S05
3030,"라티노 바이러스",C
3031,"포인트 제로 원",S10
3032,"셀피쉬니스 - SHORT CUT -",S17
3033,"캐논 디",C
3034,"B2",D13
3035,"오르비트 스테빌라이저",S04
3036,"테이크 아웃",D13
3037,"펌핑 점핑",D09
3038,"눈을 감아",S06
3039,"요그 소토스 - SHORT CUT -",D16
3040,"하이 바이",S05
3041,"러브 이즈 어 데인저 존 2 Try To B.P.M",S21
3042,"펌핑 점핑",S17
3043,"아마이 유우와쿠 데인저러스",S03
3044,"점프",S12
3045,"아마이 유우와쿠 데인저러스",S01
3046,"점프",S16
3047,"소서리스 엘리제",S04
3048,"테이크 아웃",S04
3049,"로그인",S05
3050,"아크 오브 다크니스",S17
3051,"유니크 - SHORT CUT -",D16
3052,"파이어 오브 데스티니",S06
3053,"야근",D08
3054,"히아신스",S05
3055,"탑 시티",S13
3056,"파파 곤잘레스",S06
3057,"프리 스타일",S05
3058,"왓 해픈드",S12
3059,"라그나로크",D13
3060,"무혼 2 - SHORT CUT -",S18
3061,"브레이크 아웃",S04
3062,"스타트 온 레드",S04
3063,"아이디얼라이즈드 로맨스 ",D11
3064,"펌핑업",S10
3065,"트림 북 오브 더 워",S14
3066,"ㅁㄴㅇㄹ",S09
3067,"포스 오브 라",S08
3068,"탑 시티",D09
3069,"블랙 드래곤",D12
3070,"네이티브",D11
3071,"타임 어택 <블루>",S08
3072,"라라",S08
3073,"엑스트리",S09
3074,"치킨 윙 - SHORT CUT -",D15
3075,"팬텀",S02
3076,"브링 백 더 비트",S07
3077,"허쉬",S03
3078,"캇코이",D12
3079,"마타도르",S04
3080,"윌 오 더 위스프",S16
3081,"캇코이",S08
3082,"파이널 오디션 에피소드 1",S04
3083,"메테오라이즈",S10
3084,"리키지 볼티지",D18
3085,"오버블로우2",S05
3086,"그녀는 피자를 좋아해",D11
3087,"위치 닥터",S11
3088,"비트 오브 더 워 2",S05
3089,"팝 더 트랙",D11
3090,"헝가리 무곡 V",S04
3091,"월광",S04
3092,"파이널 오디션",S02
3093,"반야 클래식 리믹스",D21
3094,"오버블로우",D18
3095,"코스미컬 리듬",S04
3096,"케이.오.에이 : 엘리스 인 원더월드",S01
3097,"오벨리스크",S04
3098,"히글디 피글디",S19
3099,"싸이클링!",S03
3100,"조나단의 꿈",S08
3101,"오벨리스크",S02
3102,"하이퍼큐브",S06
3103,"킬 뎀!",S05
3104,"엘리시움",S09
3105,"스멜스 라이크 어 초콜릿",S03
3106,"위 윌 밋 어게인",S13
3107,"듀얼 레이싱 <레드 vs 블루>",S11
3108,"겟 업 (앤 고)",S17
3109,"투우사의 노래",S05
3110,"이그니스 패터스(DM Ashura 믹스)",D18
3111,"몽키 핑거즈 2",D08
3112,"겟 유어 그루브 온",S12
3113,"아이 원트 유 - SHORT CUT -",S07
3114,"올 아이 원트 포 크리스마스",D08
3115,"레퀴엠",S16
3116,"머니 핑거즈",S10
3117,"듀얼 레이싱 <레드 vs 블루>",C
3118,"밀키 웨이 갤럭시",D13
3119,"레드 스완",S09
3120,"엔",D16
3121,"슈퍼 스타일린",S06
3122,"실루엣 이펙트",C
3123,"포인트 브레이크",S08
3124,"가장신자",S04
3125,"테프리스",S02
3126,"테이크 아웃 - SHORT CUT -",S18
3127,"미스터 라푸스",S03
3128,"헝가리 무곡 V",D11
3129,"마리아",S07
3130,"허쉬",D15
3131,"파이널 오디션 3",S05
3132,"겟 업",D19
3133,"키티 캣",S05
3134,"머니 핑거즈",D19
3135,"스트리트 쇼다운",S11
3136,"팬텀",S07
3137,"아마겟돈",S04
3138,"김치 핑거즈",C
3139,"비트 오브 더 워 2 - FULL SONG -",D21
3140,"캇코이",S11
3141,"파이널 오디션 에피소드 2-X",S05
3142,"프라임 오프닝 - SHORT CUT -",D15
3143,"윈터 - SHORT CUT -",D17
3144,"아이디얼라이즈드 로맨스 ",S02
3145,"오이 오이 오이",D13
3146,"파이널 오디션 2",D12
3147,"브레이크 잇 다운",D13
3148,"헝가리 무곡 V",S18
3149,"윌 오 더 위스프",D14
3150,"트라이브 어택커",S04
3151,"파반느",S06
3152,"파사칼리아",S04
3153,"위치 닥터 #1",S17
3154,"스타더스트 오버드라이브",S04
3155,"XX 오프닝 - SHORT CUT -",D12
3156,"인터퍼런스 - FULL SONG -",S19
3157,"유 어게인 마이 러브",S06
3158,"윌 오 더 위스프",S02
3159,"마이웨이",S08
3160,"비디오 아웃 씨",S11
3161,"HTTP",S07
3162,"팝 더 트랙",S02
3163,"파이널 오디션 에피소드 2-X",S09
3164,"올 아이 원트 포 크리스마스",S09
3165,"유니크",S06
3166,"알레그로 피유 모쏘",D12
3167,"아이 원트 유 - SHORT CUT -",S04
3168,"에프 에프 에프 - SHORT CUT -",S18
3169,"히페리온",S04
3170,"매드 사이언스",S05
3171,"헬로우",S17
3172,"비메라",D18
3173,"트림 북 오브 더 워",S19
3174,"크리스마스의 기억",S03
3175,"악몽",S06
3176,"미토츠다이라",S01
3177,"펌트리스 꽈뜨로",S03
3178,"엑시던트",S04
3179,"무혼",S08
3180,"무브 댓 바디!",S03
3181,"허쉬 - FULL SONG -",D16
3182,"닥터 케이오에이",D20
3183,"앵귀시드 언메이킹",S05
3184,"인피니티 리믹스",D19
3185,"스위트로닉 - SHORT CUT -",S06
3186,"비트 오브 더 워 2",S07
3187,"웨딩 크래셔 - SHORT CUT -",D13
3188,"태동 2",S09
3189,"엑시던트",D13
3190,"사랑가",S09
3191,"히아신스",S10
3192,"힙노시스(SynthWulf 믹스)",S17
3193,"카프리스 오브 오타다",S19
3194,"파이널 오디션 3",S02
3195,"러브 이즈 어 데인저 존",C
3196,"파파 헬로이징",S19
3197,"여래아",S03
3198,"셀피쉬니스",S03
3199,"엑스 레이브",D13
3200,"케이.오.에이 : 엘리스 인 원더월드",S10
3201,"블레이즈 이모션",D19
3202,"슈샤",S03
3203,"브레이크 잇 다운",S07
3204,"파이널 오디션 에피소드 2-1",S19
3205,"터키 행진곡 -미니멀튠즈-",S03
3206,"러브 이즈 어 데인저 존 pt.2 어나더",C
3207,"머니",S09
3208,"포세이돈",S03
3209,"아마이 유우와쿠 데인저러스",S11
3210,"리무버블 디스코",S09
3211,"퍼센트 엑스",S03
3212,"라라",S05
3213,"디그니티 - FULL SONG -",S15
3214,"테크 -클럽 코펜하겐-",S05
3215,"펌프 미 아마데우스",S03
3216,"메테오라이즈",S16
3217,"몽키 핑거즈 2",S17
3218,"캉-캉 ~Orpheus in The Party Mix~",C
3219,"디그니티 - FULL SONG -",S19
3220,"롤링 크리스마스",S03
3221,"겟 업 (앤 고)",D12
3222,"기타 맨",S13
3223,"무브 댓 바디! - SHORT CUT -",S17
3224,"유 갓 미 크레이지",S04
3225,"인터퍼런스",D13
3226,"실루엣 이펙트",S07
3227,"블레이즈 이모션",S02
3228,"틸 디 엔드 오브 타임",S03
3229,"팝 더 트랙",S04
3230,"무혼",S04
3231,"아발란치",S04
3232,"팝 더 트랙 - SHORT CUT -",S18
3233,"네이티브",S05
3234,"히글디 피글디",S06
3235,"건 락",S09
3236,"하이퍼큐브",S17
3237,"왓 해픈드",S17
3238,"컴 투 미",D14
3239,"시그너스",S04
3240,"비트 오브 더 워 2",S04
3241,"반야 클래식 리믹스",S13
3242,"엑스트리",S02
3243,"러브 이즈 어 데인저 존 pt.2",S04
3244,"디",S04
3245,"마왕",C
3246,"로그인",S07
3247,"엑스 레이브",S03
3248,"위치 닥터",S06
3249,"히아신스",D13
3250,"블레이즈 이모션 (Band version)",S02
3251,"오이 오이 오이",S08
3252,"사랑가",S05
3253,"왓 해픈드",S03
3254,"레미니센스",S03
3255,"펌트리스 8비트 ver.",S18
3256,"파이널 오디션 3 - SHORT CUT -",S18
3257,"무혼 2",S08
3258,"까랴위사따",S07
3259,"무혼",S02
3260,"실루엣 이펙트 - SHORT CUT -",S18
3261,"블레이징",S04
3262,"트라이브 어택커",S09
3263,"탑 시티",S06
3264,"HTTP",S04
3265,"제로아이즈",C
3266,"알레그로 피유 모쏘",S10
3267,"차이니즈 레스토랑",S04
3268,"유 갓 투 노우",S08
3269,"서든 로맨스 [PIU Edit]",S04
3270,"마이 드림즈",S04
3271,"터키 행진곡 -미니멀튠즈-",D13
3272,"트라이브 어택커",S17
3273,"몽키 핑거즈",S04
3274,"허쉬 - FULL SONG -",S15
3275,"마타도르",S07
3276,"투우사의 노래",S15
3277,"반야 프로덕션 클래식 리믹스 2",S18
3278,"아이 원트 유",S03
3279,"블레이즈 이모션",D18
3280,"히페리온",S09
3281,"펌프 점프",S05
3282,"아드레날린 블래스터",S03
3283,"아스테리오스 -리엔트리-",C
3284,"케이.오.에이 : 엘리스 인 원더월드",S03
3285,"포인트 제로 원",D11
3286,"사람들은 펌핑업을 몰랐다네",D06
3287,"하이퍼큐브",D11
3288,"히글디 피글디",S09
3289,"까랴위사따",D17
3290,"히글디 피글디",S02
3291,"오버블로우 - SHORT CUT -",S18
3292,"메테오라이즈",S05
3293,"아스테리오스 -리엔트리-",S04
3294,"파파 곤잘레스",S08
3295,"투우사의 노래",S11
3296,"아이 원트 유 - SHORT CUT -",D13
3297,"유 갓 미 락킹 - SHORT CUT -",D17
3298,"젓가락 변주곡",S12
3299,"투우사의 노래",S04
3300,"올 아이 원트 포 크리스마스",S03
3301,"미운 오리 토카타",S17
3302,"컴 투 미",S06
3303,"레이브 언틸 디 어스 엔드",S07
3304,"투우사의 노래",D12
3305,"케이.오.에이 : 엘리스 인 원더월드",S05
3306,"점프",S04
3307,"제이 봉",S07
3308,"사랑가 2006 ",D14
3309,"미스 에스 스토리",S07
3310,"팬텀 -인터메조-",S03
3311,"엑스트림",S18
3312,"스콜피온 킹",S03
3313,"트래블 투 퓨처",S03
3314,"엔",S05
3315,"캐논 X.1",S03
3316,"스타더스트 오버드라이브",D13
3317,"건 락",D18
3318,"엑스트라바간자 - SHORT CUT -",D16
3319,"네이티브",D18
3320,"HTTP",S02
3321,"모노리스",S03
3322,"파이널 오디션 2 - SHORT CUT -",S17
3323,"아크 오브 다크니스",S02
3324,"헤스티아",S04
3325,"엑스트라 반야 리믹스",D15
3326,"러브 이즈 어 데인저 존",S04
3327,"디 갱",S11
3328,"조나단의 꿈",S06
3329,"우츠시요 노 카제 feat. Kana",S07
3330,"엠페러",S12
3331,"네이티브",S17
3332,"토카타",D18
3333,"라라",S03
3334,"안녕 윌리엄",S06
3335,"안녕 윌리엄",S10
3336,"패스터 Z",S04
3337,"패싱 라이더",S08
3338,"트란사칼리아",S03
3339,"님과 함께",S05
3340,"알레그로 피유 모쏘",S06
3341,"틸 디 엔드 오브 타임",S04
3342,"건 락",D09
3343,"까랴위사따",D07
3344,"첫사랑",S06
3345,"하트 어택",S11
3346,"댄스 위드 미",S02
3347,"펌트리스 8비트 ver.",S17
3348,"팔로우 미",S04
3349,"위치 닥터 #1",S09
3350,"하드코어 오브 더 노스",S04
3351,"까랴위사따",S10
3352,"악몽",S03
3353,"허쉬",S05
3354,"리얼리티",S04
3355,"펌트리스 8비트 ver.",S03
3356,"업 앤 업 (Produced by AWAL)",S03
3357,"제이 봉",S05
3358,"제이 봉",S08
3359,"디 엔드 오브 더 월드 ft. Skizzo",S03
3360,"엠페러",S08
3361,"케이.오.에이 : 엘리스 인 원더월드 - SHORT CUT -",S09
3362,"미토츠다이라",S04
3363,"펌핑 점핑",S02
3364,"앵귀시드 언메이킹",S03
3365,"디그니티 - FULL SONG -",D18
3366,"오버블로우2",S18
3367,"윈터 - SHORT CUT -",D13
3368,"마이웨이",S06
3369,"더 레버리",S03
3370,"키티 캣",S03
3371,"조나단의 꿈",S04
3372,"유 갓 미 락킹",S03
3373,"위 윌 밋 어게인",D11
3374,"몽키 핑거즈 2",S08
3375,"겟 업 (앤 고)",S11
3376,"블레이즈 이모션 (Band version)",S17
3377,"스타더스트 오버드라이브 - SHORT CUT -",D17
3378,"무혼 2 - SHORT CUT -",D18
3379,"블레이즈 이모션",D11
3380,"왓 해픈드",S07
3381,"무혼 1.5",S07
3382,"로봇 배틀",S09
3383,"암피트리온",S04
3384,"펌핑 점핑",S06
3385,"제네시스",S11
3386,"미운 오리 토카타",D18
3387,"트림 북 오브 더 워",D17
3388,"아이디얼라이즈드 로맨스 ",S04
3389,"셋 미 업",S06
3390,"펌핑 점핑",D18
3391,"컴 투 미",S11
3392,"반야 프로덕션 클래식 리믹스",D15
3393,"포인트 브레이크",S06
3394,"클리너",S04
3395,"오버블로우 - SHORT CUT -",D17
3396,"사랑가 -2막-",D15
3397,"파이널 오디션 2",S04
3398,"사랑가 -2막-",S12
3399,"비트 오브 더 워",S18
3400,"모멘트 데이",S03
3401,"터키 바이러스",D14
3402,"반야 프로덕션 클래식 리믹스",S14
3403,"비주얼 드림 2 (인 픽션)",S05
3404,"아크 오브 다크니스",S05
3405,"오! 로사",S09
3406,"하이 바이",D11
3407,"윌 오 더 위스프",S05
3408,"테크 -클럽 코펜하겐-",S03
3409,"사랑가 -2막-",S04
3410,"위 갓 투 노우",S05
3411,"캄파넬라",S04
3412,"배니쉬",C
3413,"위치 닥터 #1",S02
3414,"유니크",S03
3415,"젓가락 변주곡",S17
3416,"사랑가 2006 ",S12
3417,"팝 더 트랙 - SHORT CUT -",D16
3418,"파반느",S03
3419,"제이 봉",S03
3420,"위 윌 밋 어게인",S04
3421,"미운 오리새끼",S05
3422,"클루",S04
3423,"제네시스",S04
3424,"젓가락 변주곡",S06
3425,"블레이즈 이모션",S09
3426,"닥터 케이오에이",S12
3427,"머니 핑거즈",D14
3428,"버터플라이",S04
3429,"헤이 유",S03
3430,"블레이즈 이모션",S03
3431,"케이.오.에이 : 엘리스 인 원더월드 - SHORT CUT -",D18
3432,"레이디버그",S03
3433,"실루엣 이펙트",S04
3434,"파파 곤잘레스",S04
3435,"비트 오브 더 워",S09
3436,"가고일 - FULL SONG -",C
3437,"허쉬",S08
3438,"반야 클래식 리믹스",S19
3439,"반야 프로덕션 클래식 리믹스",D19
3440,"두 유 노우 댓-올드 스쿨",S04
3441,"네이티브",S03
3442,"무혼 2",S04
3443,"엠페러",S02
3444,"겟 유어 그루브 온",S07
3445,"사람들은 몰랐다네",S03
3446,"야근",S03
3447,"머니 핑거즈",S17
3448,"블레이즈 이모션 (Band version)",D18
3449,"사랑가 2006 ",S15
3450,"미션 파서블",S07
3451,"갓 모드 feat. Skizzo",S04
3452,"위치 닥터 #1",S05
3453,"스트리트 쇼다운",S08
3454,"토카타",S07
3455,"마이웨이",S04
3456,"몽키 핑거즈 2",S04
3457,"두 유 노우 댓-올드 스쿨",S06
3458,"야근",S09
3459,"셋 미 업",S02
3460,"프리 스타일",S09
3461,"무브 댓 바디! - SHORT CUT -",D18
3462,"테프리스",S04
3463,"위치 닥터",S04
3464,"디 갱",S06
3465,"카프리스 오브 오타다",S04
3466,"엑스 레이브",S09
3467,"펌핑 점핑",S16
3468,"스위트로닉 - SHORT CUT -",D04
3469,"B2",S07
3470,"파이널 오디션 에피소드 2-2",S18
3471,"안녕 윌리엄",S17
3472,"오이 오이 오이",S04
3473,"댄스 위드 미",S04
3474,"레퀴엠",S04
3475,"오버블로우",S04
3476,"엘리시움",S04
3477,"건 락",S05
3478,"기타 맨",S03
3479,"유 어게인 마이 러브",S03
3480,"파이널 오디션 에피소드 2-X",S03
3481,"탑 시티",S04
3482,"겟 유어 그루브 온",S04
3483,"닥터 케이오에이",S18
3484,"파이널 오디션 에피소드 2-2",S17
3485,"펌핑 점핑",S04
3486,"댄스 위드 미",S06
3487,"올 아이 원트 포 크리스마스",S05
3488,"메테오라이즈",S03
3489,"파이널 오디션 3",S08
3490,"겟 업 (앤 고)",S04
3491,"디 갱",S05
3492,"사랑가 2006 ",S03
3493,"파이널 오디션 에피소드 2-1",S04
3494,"블레이즈 이모션 (Band version)",S09
3495,"토카타",S04
3496,"스타 커맨드",S03
3497,"리무버블 디스코",S03
3498,"디제이 오타다",S04
3499,"알레그로 피유 모쏘",S04
3500,"블레이즈 이모션",S06
3501,"셋 미 업",S04
3502,"베들램",C
3503,"컴 투 미",S04
3504,"비트 더 고스트",S11
3505,"비트 더 고스트",S04
3506,"제네시스",D13
3507,"까랴위사따",S04
3508,"블랙 드래곤",S04
3509,"미션 파서블",S05
3510,"브레이크 잇 다운",S16
3511,"투우사의 노래",S17
3512,"스타 커맨드",S05
3513,"점프",S07
3514,"잼 오 비트",S07
3515,"파이널 오디션 에피소드 2-1",S03
3516,"파사칼리아 - SHORT CUT -",D18
3517,"안녕 윌리엄",S04
3518,"B2",S04
3519,"유 갓 투 노우",S07
3520,"인터퍼런스 - FULL SONG -",D18
3521,"위치 닥터 - SHORT CUT -",D17
3522,"팬텀 -인터메조-",S07
3523,"비트 오브 더 워",S06
3524,"레드 스완",S04
3525,"블레이즈 이모션",S07
3526,"반야-P 클래식 리믹스",S15
3527,"포인트 브레이크",S03
3528,"비트 오브 더 워",S03
3529,"NX 오프닝 - SHORT CUT -",D18
3530,"오이 오이 오이",S09
3531,"레이브 언틸 디 어스 엔드",S04
3532,"겟 업 (앤 고)",S07
3533,"부크",S03
3534,"블레이즈 이모션",S16
3535,"사랑가 -2막-",S06
3536,"기타 맨",S07
3537,"레드 스완",S07
3538,"사랑가 2006 ",S09
3539,"위치 닥터 #1",S08
3540,"반야 프로덕션 클래식 리믹스 2",S13
3541,"비트 오브 더 워",S16
3542,"제네시스",S07
3543,"반야 프로덕션 클래식 리믹스",S18